1,Larry,Mesant,+56 (849) 875-7894,lmesant0@ehow.com,22 Mandrake,San Vicente,CA,30546
2,Devlen,Cottier,+57 (240) 795-1596,dcottier1@dyndns.org,9 Commercial,Santa Barbara,CA,81136
3,Titos,Howie,+504 (184) 833-7173,thowie2@amazonaws.com,668 Magdeline,Trujillo,MEX,65004
4,Ted,Alpes,+30 (179) 196-8198,talpes3@deviantart.com,84 Mendota,Tolsca,OK,66130
5,Efrem,Virr,+30 (720) 851-6392,evirr4@myspace.com,6 Sauthoff,K�thnos,UKR,54240
6,Kendricks,Fillingham,+880 (152) 284-6873,kfillingham5@360.cn,4653 Welch,Rāipur,ITA,55460
7,Odessa,Grumley,+55 (186) 576-4950,ogrumley6@eepurl.com,57139 Loeprich,Itapecerica,AL,69015
8,Wald,McCreery,+7 (610) 574-8727,wmccreery7@mapquest.com,47 Hovde,Inya,ID,78650
9,Dorelia,Jenkerson,+66 (194) 538-4221,djenkerson8@japanpost.jp,8 Merchant,Si Racha,MN,34168
10,Bertie,Pentony,+86 (978) 109-3579,bpentony9@xinhuanet.com,6977 Johnson,Yuzhou,FL,20785
11,Jacynth,Huntar,+598 (100) 311-1143,jhuntara@newsvine.com,6903 Fairview,Vergara,GE,48281
12,Emlen,Linebarger,+36 (179) 225-1175,elinebargerb@dell.com,94928 Hanover,Budapest,HUG,78235
13,Mac,Borne,+691 (760) 396-7716,mbornec@webeden.co.uk,810 Lawn,Sorol,MN,29950
14,Hillyer,Liell,+7 (533) 872-1058,hlielld@hc360.com,58 John Wall,Las Vegas,NV,71053
15,Xerxes,Delahunty,+1 (269) 537-0425,xdelahuntye@springer.com,83248 Nevada,Vegreville,AB,41726
16,Dominic,Meers,+55 (284) 895-6939,dmeersf@devhub.com,6 Kenwood,Portland,OR,20930
17,Alyda,Iglesia,+86 (942) 437-3768,aiglesiag@infoseek.co.jp,20 Messerschmidt,Bend,OR,16574
18,Aeriela,Abbatini,+86 (145) 752-2452,aabbatinih@linkedin.com,2 Northwestern,Portland,OR,60592
19,Gussi,Carvil,+63 (746) 397-9225,gcarvili@ebay.com,7934 Twin Pines,Utabi,CA,24123
20,Sherilyn,Muir,+52 (163) 585-3796,smuirj@jimdo.com,95 Bobwhite,Solidaridad,TAM,19526
21,Caitlin,Paumier,+62 (102) 277-8776,cpaumierk@toplist.cz,807 Gina,Mexico City,MEX,75543
22,Jojo,Ainger,+81 (606) 640-0293,jaingerl@sourceforge.net,1025 Killdeer,Los Angeles,CA,16790
23,Ewell,Curado,+381 (346) 883-3685,ecuradom@scientificamerican.com,70 Bashford,Sremska Mitrovica,SD,36507
24,Rafe,Goldspink,+27 (307) 910-9661,rgoldspinkn@histats.com,5857 Welch,Bronkhorstspruit,MI,59936
25,Romy,Cheatle,+62 (605) 311-4602,rcheatleo@wix.com,6781 Colorado,Guadalajara,MEX,14325
26,Allx,Wickens,+86 (492) 562-0367,awickensp@indiegogo.com,3 Dexter,Xinshiba,TN,38341
27,Gratiana,Tolworthie,+62 (435) 231-0029,gtolworthieq@dyndns.org,6 Bobwhite,Panji,NM,83730
28,Ludwig,MacNeill,+92 (113) 195-3708,lmacneillr@pcworld.com,697 Roth,Austin,TX,94220
29,Kayley,Pietruszewicz,+63 (615) 725-9208,kpietruszewiczs@angelfire.com,5389 Shopko,Santa Fe,NM,85691
30,Arluene,Dopson,+86 (704) 487-0516,adopsont@chron.com,427 Springview,Phoenix,AZ,27241
31,Isobel,Spellissy,+62 (470) 313-1989,ispellissyu@hud.gov,38803 Cherokee,Terangun,WI,19396
32,Cornie,Oakeshott,+48 (817) 397-2155,coakeshottv@cornell.edu,73125 Annamark,Mnich,CO,96712
33,Hayes,Irvine,+62 (844) 986-4899,hirvinew@army.mil,25592 Lake View,Bolengpulau,OK,29760
34,Lindsey,Quinet,+212 (148) 704-6676,lquinetx@feedburner.com,25305 Anthes,Tarsouat,FL,98338
35,Bunnie,Cianelli,+48 (973) 763-5450,bcianelliy@vk.com,3860 Mandrake,Przystajń,OK,64223
36,Shaine,Brandon,+63 (651) 124-4740,sbrandonz@skyrock.com,441 Schiller,Bangui,FL,14041
37,Andreas,Proven,+7 (836) 820-0356,aproven10@paginegialle.it,43 Oak Valley,Nadezhda,AL,19605
38,Isaac,Freeland,+212 (624) 885-9690,ifreeland11@forbes.com,206 Stephen,Moulay Abdallah,NY,58776
39,Rhianna,Mannock,+389 (450) 546-5032,rmannock12@howstuffworks.com,43 Eagan,New York,NY,18314
40,Ad,Allston,+33 (433) 322-7233,aallston13@nasa.gov,384 Portage,Auch,NJ,29955
41,Idalina,Osborn,+81 (264) 621-4104,iosborn14@miibeian.gov.cn,17050 Hovde,Nayoro,NY,52360
42,Alfi,Minucci,+62 (651) 289-7395,aminucci15@altervista.org,50 Hagan,Karangpari,NY,74565
43,Demetri,Birkmyre,+46 (408) 552-4631,dbirkmyre16@reference.com,61 Northport,Lerum,OR,64621
44,Marcus,Evelyn,+351 (646) 623-5085,mevelyn17@google.com.br,93 Warrior,Azurva,NH,75182
45,Lorne,Himpson,+212 (938) 189-0844,lhimpson18@sun.com,3 Schlimgen,Austin,TX,37756
46,Eloisa,Inch,+86 (212) 574-5987,einch19@multiply.com,7 Cordelia,Nashville,TN,41629
47,Teressa,Bricksey,+382 (267) 782-6792,tbricksey1a@epa.gov,2032 Graceland,Bar,KT,38615
48,Pail,Gold,+380 (513) 135-7836,pgold1b@google.fr,2605 Evergreen,Washington,DC,68027
49,Bethany,McBayne,+62 (894) 824-2034,bmcbayne1c@usnews.com,683 Packers,Sungaikakap,IA,11910
50,Corabel,Baybutt,+351 (682) 665-7252,cbaybutt1d@nifty.com,84 Lindbergh,Baleal,KT,68929
51,Perle,Kelle,+49 (147) 178-0916,pkelle1e@statcounter.com,954 Melvin,Portland,NW,71056
52,Pauletta,Wemes,+55 (266) 986-5129,pwemes1f@earthlink.net,1862 Pine View,Costa Rica,NJ,23359
53,Alf,Gentery,+960 (541) 608-8060,agentery1g@seattletimes.com,45 Waywood,Dhidhdhoo,CA,19896
54,Marina,Manis,+86 (618) 756-7508,mmanis1h@joomla.org,25 Fulton,Taojiahe,CO,58956
55,Fern,Markova,+46 (996) 413-5678,fmarkova1i@blogs.com,35 Warner,Umeå,AK,34891
56,Georgi,Burkitt,+260 (608) 227-1282,gburkitt1j@theglobeandmail.com,6 Old Shore,Mungwi,PS,96327
57,Bartolomeo,Justis,+30 (359) 783-6418,bjustis1k@cornell.edu,2 Upham,Kallith�a,CA,68572
58,Willyt,Ianitti,+55 (412) 940-4571,wianitti1l@usda.gov,6 Spohn,Trairi,IA,19302
59,Lynde,Kinney,+31 (519) 385-5475,lkinney1m@wordpress.com,6544 Hanover,Arnhem,CA,30191
60,Muriel,Bromont,+33 (364) 116-1734,mbromont1n@facebook.com,3 Packers,Romans-sur-Isère,NH,37573
61,Anson,Northage,+86 (699) 595-7007,anorthage1o@google.nl,4 Rusk,Fuxing,WI,43144
62,Cleavland,Veldstra,+251 (302) 197-0508,cveldstra1p@marketwatch.com,233 Clarendon,Dejen,ID,54992
63,Gene,Axten,+389 (504) 945-9866,gaxten1q@domainmarket.com,90 Blue Bill Park,Ansermanuevo,TX,71201
64,Izak,Ginnell,+260 (960) 390-9245,iginnell1r@yale.edu,9 Ridgeway,Chadiza,ID,55319
65,Sheffield,Doneld,+57 (738) 604-4335,sdoneld1s@weather.com,36 Schmedeman,Ansermanuevo,CA,47352
66,Rivalee,Silber,+82 (248) 652-9426,rsilber1t@edublogs.org,997 Buena Vista,Ganghwa-gun,OR,42066
67,Cleo,Barkworth,+33 (285) 752-0659,cbarkworth1u@merriam-webster.com,5304 Blaine,Aix-en-Provence,WI,12809
68,Hamil,Lissandrini,+380 (436) 635-2625,hlissandrini1v@over-blog.com,570 Gateway,Kolochava,MT,63827
69,Nathanael,McCoveney,+62 (109) 759-5544,nmccoveney1w@ibm.com,32678 Oak,Umanggudang,MA,67775
70,Sheree,Filler,+1 (969) 654-5424,sfiller1x@joomla.org,8 Helena,Vailoatai,TX,16882
71,Tiffy,Davydenko,+81 (805) 574-6717,tdavydenko1y@amazon.co.jp,166 Bonner,Suzaka,NH,33106
72,Eduino,Ventum,+389 (318) 743-1956,eventum1z@canalblog.com,7 6th,Jankovec,MN,72646
73,Dyna,Piddlesden,+54 (490) 628-3199,dpiddlesden20@cocolog-nifty.com,21637 Mayfield,Morón,CA,85635
74,Sandor,Kitchingman,+56 (845) 733-4889,skitchingman21@cnn.com,95822 Westerfield,Ovalle,MH,88605
75,Ambrosio,Clew,+86 (306) 432-3709,aclew22@1688.com,90108 Brickson Park,Chuncheng,CO,51131
76,Sile,Durtnell,+86 (510) 736-6524,sdurtnell23@edublogs.org,72 Forest Dale,Gaoqiao,KT,93540
77,Gherardo,Marty,+31 (214) 577-0061,gmarty24@com.com,22476 Hazelcrest,Heerlen,PS,39983
78,Sybil,Hallsworth,+86 (663) 713-1093,shallsworth25@independent.co.uk,880 Fieldstone,Ningyuan,MA,96533
79,Perceval,Hallwood,+57 (393) 494-5497,phallwood26@oracle.com,760 Westerfield,Chaguaní,HI,48218
80,Joyous,Orcas,+92 (494) 539-6263,jorcas27@ucla.edu,860 Everett,Parachinar,HI,41039
81,Deva,Searle,+52 (115) 455-3203,dsearle28@mediafire.com,3701 Anzinger,Reforma,TAB,89155
82,Lynda,Armsden,+86 (746) 278-7775,larmsden29@wikia.com,14792 American Ash,Dengzhuang,CA,75410
83,Stephanus,Jelliman,+62 (960) 645-3547,sjelliman2a@cbc.ca,63 Acker,Cikaso,MEX,93042
84,Aldridge,Burrett,+33 (992) 538-9302,aburrett2b@wiley.com,8053 Becker,Brignoles,AL,23905
85,Concordia,Zarfat,+84 (585) 239-2511,czarfat2c@list-manage.com,1 Mifflin,Kim Sơn,AB,92396
86,Hodge,Tinan,+1 (251) 705-4598,htinan2d@bluehost.com,81 Fallview,Mobile,AL,60387
87,Dannel,Peterffy,+86 (582) 689-9699,dpeterffy2e@dyndns.org,329 Dapin,Bangjun,OR,16985
88,Hanni,Pairpoint,+30 (503) 598-4724,hpairpoint2f@nyu.edu,70969 Hauk,Árgos,ID,72874
89,Nonnah,Grelik,+62 (953) 974-6924,ngrelik2g@microsoft.com,33 Pepper Wood,Bulusari,WA,19629
90,Chuck,Deary,+242 (331) 216-9097,cdeary2h@webnode.com,8478 Schiller,Kongolo,KS,23859
91,Gertrude,Humblestone,+231 (269) 366-8336,ghumblestone2i@washington.edu,38 Fairfield,Monrovia,TX,53650
92,Lazare,Raubenheimers,+86 (794) 515-5068,lraubenheimers2j@ucla.edu,720 Lindbergh,Huayuan,GE,68893
93,Jessi,Pitkethly,+374 (568) 261-6444,jpitkethly2k@google.cn,69 Namekagon,Hovtamej,MN,36851
94,Berty,Dillet,+7 (191) 378-4967,bdillet2l@patch.com,65 Farwell,Dugulubgey,CA,48995
95,Alyce,Olennikov,+420 (920) 733-1503,aolennikov2m@indiegogo.com,9 Dovetail,Dýšina,FL,75995
96,Emmalyn,Murphey,+63 (697) 619-5687,emurphey2n@omniture.com,7668 Comanche,Tucuran,IL,37705
97,Nalani,Bruhn,+62 (734) 334-2275,nbruhn2o@ucoz.com,0 Burrows,Malabar,NY,33548
98,Everett,Fisbey,+55 (710) 876-2560,efisbey2p@theglobeandmail.com,345 Starling,Francisco Beltrão,CA,44578
99,Vanya,Salzburger,+352 (741) 911-6222,vsalzburger2q@goo.ne.jp,8900 Roxbury,Stadtbredimus,AL,71207
100,Florinda,Escudier,+7 (473) 686-0477,fescudier2r@noaa.gov,4 Fair Oaks,Vasil’yevskiy Mokh,AL,19968
101,Grace,Jerdan,+33 (700) 332-0884,gjerdan2s@yahoo.com,714 Mesta,Périgny,OR,76930
102,Currie,Runciman,+233 (482) 841-2125,crunciman2t@boston.com,48 Brentwood,Wassa-Akropong,ID,44784
103,Nalani,Sammons,+7 (636) 618-8848,nsammons2u@jiathis.com,760 Harper,Yashkul’,WA,69653
104,Worthington,Coogan,+7 (975) 208-4565,wcoogan2v@nps.gov,9 Johnson,Staraya Mayna,KS,63796
105,Pat,Wicher,+63 (479) 252-2742,pwicher2w@indiegogo.com,5048 Haas,Mabunga,TX,81349
106,Dame,Bentley,+86 (443) 427-7891,dbentley2x@posterous.com,4 Washington,Shangwuzhuang,GE,30887
107,Randie,Aucoate,+56 (151) 840-1746,raucoate2y@narod.ru,4148 International,La Laja,MN,75435
108,Izabel,Averies,+1 (323) 888-6932,iaveries2z@goodreads.com,698 Hayes,Los Angeles,CA,13551
109,Klemens,Wernher,+39 (116) 849-1093,kwernher30@sciencedirect.com,7562 Talmadge,Firenze,FL,49276
110,Terrance,Ghione,+86 (649) 440-4070,tghione31@tripadvisor.com,4 Norway Maple,Renfengzhuang,ID,99294
111,Nancie,Elvey,+7 (967) 926-0062,nelvey32@ebay.com,793 Iowa,Sergiyev Posad,MN,30826
112,Kippy,Boult,+62 (981) 314-3262,kboult33@clickbank.net,25 Oakridge,Kedungkrajan,FL,41813
113,Ward,Darleston,+62 (997) 930-0314,wdarleston34@pagesperso-orange.fr,6938 Cambridge,Kostarea Satu,GE,99102
114,Kelcy,Frowing,+353 (856) 493-1804,kfrowing35@blinklist.com,3 Talmadge,Tallaght,HUG,47881
115,Kitti,Basson,+973 (729) 469-5062,kbasson36@nbcnews.com,5 Logan,Sitrah,MN,39584
116,Daniele,Swain,+86 (825) 575-3003,dswain37@gnu.org,34964 Onsgard,Zhaike,NV,63123
117,Marcelle,Costi,+370 (297) 619-1760,mcosti38@nytimes.com,3 Northland,Šventoji,AB,21164
118,Dela,Beazley,+420 (457) 172-1434,dbeazley39@jimdo.com,1 Vahlen,Sedlčany,IA,49059
119,Ephraim,Biggerstaff,+689 (212) 619-2708,ebiggerstaff3a@diigo.com,8801 Kropf,Taunoa,OR,98558
120,Florinda,Mellish,+62 (188) 335-8658,fmellish3b@webs.com,51271 Veith,Putatbasiun,OR,40965
121,Wanda,Franckton,+86 (460) 735-1598,wfranckton3c@latimes.com,50 Beilfuss,Changshan,CA,98547
122,Xylina,Mathon,+502 (820) 101-9754,xmathon3d@scribd.com,64 Little Fleur,San Antonio Aguas Calientes,TAM,27086
123,Brian,Teas,+81 (224) 386-4271,bteas3e@bluehost.com,75682 Vidon,Ōno-hara,MEX,36682
124,Jesus,Luby,+63 (874) 281-3678,jluby3f@weibo.com,180 Ruskin,San Guillermo,CA,51217
125,Martin,Amphlett,+48 (184) 993-2125,mamphlett3g@npr.org,63 Sachs,Łubnice,SD,30104
126,Mariel,Prudham,+86 (594) 907-2342,mprudham3h@usa.gov,99 Banding,Wuli,MI,90672
127,Ninette,Jacobbe,+63 (952) 572-7507,njacobbe3i@marketwatch.com,608 Division,Joroan,MEX,82419
128,Guillaume,Klouz,+27 (649) 126-0626,gklouz3j@odnoklassniki.ru,72211 Colorado,Mount Frere,TN,76413
129,Sadye,Conibear,+7 (372) 695-0931,sconibear3k@go.com,353 Village Green,Severo-Zadonsk,NM,18620
130,Major,Minney,+351 (973) 605-9003,mminney3l@shop-pro.jp,4 Ridge Oak,São Mamede de Infesta,TX,43160
131,Schuyler,Donovin,+63 (755) 793-5715,sdonovin3m@w3.org,612 Armistice,Lugo,NM,72447
132,Debora,Blamires,+995 (491) 274-9917,dblamires3n@booking.com,398 Karstens,Vale,AZ,14165
133,Mickie,Storks,+503 (178) 510-5934,mstorks3o@wix.com,862 Scott,Quezaltepeque,WI,86602
134,Jeralee,Vize,+63 (220) 851-6894,jvize3p@webmd.com,4257 Sullivan,Malibong East,CO,84676
135,Matt,Liggins,+86 (994) 394-3010,mliggins3q@sohu.com,5 Banding,Hebei,OK,93805
136,Gwenny,Shepland,+62 (666) 985-6169,gshepland3r@army.mil,88 Morningstar,Pende,FL,33619
137,Spencer,Lambrechts,+687 (353) 750-2197,slambrechts3s@constantcontact.com,6107 Roxbury,Thio,WI,93189
138,Jarad,Javes,+62 (809) 650-1291,jjaves3t@posterous.com,6 Mallory,Ngrejo,WI,70079
139,Marlena,Fleckney,+375 (930) 456-3362,mfleckney3u@kickstarter.com,7183 Rigney,Smilavichy,TX,40135
140,Dita,Marner,+62 (333) 863-3085,dmarner3v@hao123.com,81 Springview,Cumedak,AL,93066
141,Mario,Wareham,+56 (404) 734-8415,mwareham3w@geocities.jp,56451 Manufacturers,Frutillar,MN,60626
142,Perry,Guerrier,+54 (382) 728-5801,pguerrier3x@senate.gov,4 Loomis,Trancas,TX,58347
143,Hortensia,Cromie,+51 (641) 203-8874,hcromie3y@thetimes.co.uk,62 Talisman,Quiñota,UT,40147
144,Betteann,Tring,+351 (820) 595-1220,btring3z@biblegateway.com,7386 Division,Anadia,UT,31372
145,Patty,Tonks,+7 (581) 584-1202,ptonks40@meetup.com,9 Bayside,Orlovskiy,IL,49179
146,Morlee,Kersaw,+46 (148) 336-4700,mkersaw41@discovery.com,33559 Hauk,Klippan,MA,78434
147,Kimberlyn,Tessington,+998 (130) 679-5911,ktessington42@marriott.com,738 Upham,Qarshi,NH,29923
148,Bale,O'Flaverty,+33 (781) 124-8748,boflaverty43@etsy.com,35 Logan,Chartres,AL,95964
149,Geoff,Tarn,+63 (876) 978-1637,gtarn44@phpbb.com,7608 Red Cloud,Gambalidio,VT,49623
150,Mamie,Parlot,+86 (411) 443-5524,mparlot45@elegantthemes.com,4585 Helena,Huancheng,MEX,38536
151,Dorotea,Scales,+86 (266) 971-2310,dscales46@time.com,95 Ilene,Mutangyuan,MN,36146
152,Keane,Ranscomb,+55 (328) 457-1123,kranscomb47@booking.com,258 Browning,Várzea Alegre,WI,74402
153,Giraud,Kalb,+48 (372) 962-4839,gkalb48@about.com,333 Cottonwood,Kalwaria Zebrzydowska,IA,86905
154,Murvyn,Brine,+86 (859) 957-6034,mbrine49@nymag.com,2 Harbort,Hebi,ID,49506
155,Tomaso,Pitkin,+86 (549) 863-2958,tpitkin4a@nasa.gov,9 Armistice,Shiqiao,TX,22842
156,Gaelan,Ashborn,+255 (441) 477-0584,gashborn4b@buzzfeed.com,64978 Lakeland,Ngorongoro,IN,40267
157,Celine,Nutley,+55 (739) 400-7894,cnutley4c@miitbeian.gov.cn,591 Lyons,Conselheiro Lafaiete,FL,97197
158,Papageno,Paulsen,+93 (735) 482-1812,ppaulsen4d@hatena.ne.jp,63550 Stang,Qarah Bāgh Bāzār,WV,58924
159,Easter,Willock,+351 (399) 585-4297,ewillock4e@nationalgeographic.com,8 Judy,Cabeçudos,NY,75125
160,Dorothea,Gowman,+33 (743) 591-1908,dgowman4f@bing.com,23922 Westport,Angoulême,CO,70637
161,Ripley,Dysart,+351 (156) 740-0188,rdysart4g@pagesperso-orange.fr,9762 Truax,Besteiros,CA,57981
162,Chevalier,Heskey,+230 (689) 371-7224,cheskey4h@networkadvertising.org,6 Bowman,Petit Raffray,CA,39356
163,Bobbye,Goodhall,+86 (510) 502-9456,bgoodhall4i@imdb.com,6 Summit,Xinqiao,NY,79419
164,Bethina,Wharf,+86 (539) 328-7602,bwharf4j@hao123.com,91 Del Mar,Licheng,OR,67649
165,Tynan,Inkpin,+52 (686) 610-5375,tinkpin4k@ihg.com,9 Elgar,San Juan,COA,98546
166,Camel,Charlot,+86 (869) 146-9886,ccharlot4l@unicef.org,7 Ilene,Changxing,WA,29223
167,Kev,Demonge,+93 (269) 834-1992,kdemonge4m@bravesites.com,88 4th,Sar-e Pul,AR,28334
168,Rikki,Gorgen,+86 (737) 456-9412,rgorgen4n@who.int,90 Trailsway,Leidian,OR,59424
169,Reine,Grebert,+86 (673) 577-3655,rgrebert4o@sun.com,538 Fulton,Guodu,NY,87956
170,Ekaterina,Gorce,+62 (507) 433-6157,egorce4p@theatlantic.com,8564 Mosinee,Tiang,TN,58369
171,Liana,Durand,+33 (843) 341-7037,ldurand4q@google.fr,767 Evergreen,Paris 12,AK,52229
172,Jayme,Manntschke,+86 (128) 885-1804,jmanntschke4r@icio.us,978 Mifflin,Qingsong,HI,52916
173,Kameko,Bryan,+27 (453) 454-0021,kbryan4s@vinaora.com,210 Buena Vista,Koppies,AL,59976
174,Waylen,Kerfod,+86 (335) 605-6623,wkerfod4t@unc.edu,20 Ruskin,Sangongqiao,MT,33510
175,Talya,Traynor,+86 (116) 122-5510,ttraynor4u@marriott.com,9925 Sunfield,Jiangchuan,MN,38892
176,Suzette,Stears,+1 (814) 411-8020,sstears4v@topsy.com,7839 Sunbrook,Lamont,AB,99950
177,Aile,Sitlington,+84 (592) 934-0446,asitlington4w@state.gov,6 Meadow Ridge,Thới Bình,OR,31237
178,Caspar,Donavan,+63 (791) 457-9337,cdonavan4x@friendfeed.com,3 Nevada,Banocboc,VT,11825
179,Linoel,Sulland,+63 (940) 210-2631,lsulland4y@hugedomains.com,99152 Leroy,Balatero,PS,24099
180,Ker,Grievson,+62 (747) 549-6004,kgrievson4z@mtv.com,10 Sullivan,Ciburial,NV,18721
181,Sammy,Adlem,+86 (302) 331-8317,sadlem50@paypal.com,0 Northridge,Shangping,CAN,16538
182,Mayne,Brack,+375 (209) 900-1936,mbrack51@ucla.edu,56 Harbort,Lahoysk,NH,92389
183,Katalin,Annandale,+992 (725) 190-5382,kannandale52@buzzfeed.com,44 Canary,Gharavŭtí,CT,92406
184,Kira,Corson,+62 (924) 217-6003,kcorson53@liveinternet.ru,8 Bonner,Sawoi,NV,85099
185,Verile,Yockney,+62 (943) 857-6291,vyockney54@xrea.com,52 Homewood,Rantepang,CAN,24908
186,Sollie,Townrow,+380 (818) 544-0189,stownrow55@icq.com,87 Kennedy,Kalanchak,IL,57730
187,Dacy,Galland,+63 (161) 776-7172,dgalland56@mapy.cz,9 Clyde Gallagher,Lupao,MA,77094
188,Osmund,Wellstood,+57 (479) 867-5089,owellstood57@phoca.cz,37687 Holmberg,Amalfi,NH,58713
189,Elene,Brymner,+57 (910) 574-6950,ebrymner58@time.com,2 Fallview,Buenaventura,AL,91917
190,Abigale,Dunsford,+63 (799) 186-7787,adunsford59@arstechnica.com,9 Columbus,Obong,VT,33866
191,Colan,Cleveley,+7 (221) 525-3244,ccleveley5a@youku.com,9146 Jay,Vanino,IN,69904
192,Dawn,Attrie,+420 (324) 742-7388,dattrie5b@opensource.org,489 Service,Smiřice,FL,15519
193,Quentin,Santacrole,+30 (362) 604-9551,qsantacrole5c@timesonline.co.uk,87780 Corben,Marathókampos,WV,99387
194,Lilah,Hardwich,+55 (229) 395-9409,lhardwich5d@creativecommons.org,77 Hovde,Bauru,NY,58167
195,Farley,Pennoni,+39 (768) 437-9613,fpennoni5e@sourceforge.net,628 Boyd,Torino,CO,87828
196,Jackie,Raith,+358 (995) 583-1630,jraith5f@sourceforge.net,83153 Roth,Siikainen,CA,80555
197,Agosto,Epsley,+48 (134) 220-5554,aepsley5g@parallels.com,87 Steensland,Wilkowice,CA,74102
198,Olia,Steiner,+386 (842) 554-8826,osteiner5h@xrea.com,9206 Vidon,Bakovci,OR,69832
199,Julie,Tuer,+62 (636) 347-1646,jtuer5i@home.pl,3 Knutson,Sukoreno,NY,79743
200,Milissent,Lumsdaine,+234 (244) 263-1047,mlumsdaine5j@shutterfly.com,34688 Butterfield,Ringim,TN,94565
201,Elyssa,Fawdry,+371 (336) 237-4973,efawdry5k@tinyurl.com,2 Forest Dale,Limbaži,AK,28213
202,Ham,MacConnechie,+254 (151) 920-3083,hmacconnechie5l@adobe.com,59 Algoma,Kiambu,HI,16295
203,Verla,Ferrulli,+86 (856) 542-4583,vferrulli5m@aol.com,5222 Park Meadow,Dajing,AL,84510
204,Yvon,Ridsdole,+380 (830) 864-5298,yridsdole5n@etsy.com,1 Fieldstone,Dudchany,MT,83612
205,Barbey,Lindenberg,+86 (479) 233-8874,blindenberg5o@over-blog.com,18248 Tennyson,Changqi,MI,73056
206,Pennie,Gilcriest,+381 (919) 663-2827,pgilcriest5p@goodreads.com,9 Manitowish,Stanišić,MEX,84801
207,Tomasina,Esslemont,+86 (469) 995-7779,tesslemont5q@businesswire.com,82 West,Dongxi,TN,79291
208,Priscella,Quogan,+7 (356) 596-8502,pquogan5r@free.fr,2 Morning,Staraya Kulatka,NM,58887
209,Kat,Simister,+86 (274) 332-5442,ksimister5s@free.fr,57 Farragut,Chiguang,TX,27257
210,Rhona,Mawby,+86 (201) 298-4354,rmawby5t@digg.com,4047 Randy,Xinglong,NM,57164
211,Rici,Skeen,+92 (713) 663-8190,rskeen5u@bluehost.com,2 Lake View,Choa Saidān Shāh,AZ,64530
212,Carmencita,Selliman,+504 (453) 459-0907,cselliman5v@trellian.com,1 6th,Las Ánimas,WI,91202
213,Lennard,O'Doghesty,+62 (666) 491-8828,lodoghesty5w@squarespace.com,7 New Castle,Winong,CO,96750
214,Jefferey,Cecchetelli,+7 (801) 467-3231,jcecchetelli5x@google.com.br,71 Talmadge,Novopokrovka,OK,68264
215,Danie,Crittal,+62 (480) 486-0656,dcrittal5y@discuz.net,5538 Cambridge,Guwoterus,FL,79396
216,Verney,Lashmore,+992 (410) 303-9980,vlashmore5z@earthlink.net,13 Dapin,Isfara,OK,90186
217,Becky,Lebel,+967 (109) 892-2952,blebel60@weebly.com,4007 Westend,Mayfa‘ah,FL,48660
218,Gregory,MacGettigen,+63 (514) 790-9647,gmacgettigen61@reference.com,41292 Golf Course,Batasan,NV,78691
219,Gert,Askey,+63 (650) 792-0985,gaskey62@amazon.co.uk,310 Riverside,Santol,WI,40804
220,Chevalier,McLeoid,+1 (202) 231-6073,cmcleoid63@baidu.com,6223 Forest Run,Washington,DC,28622
221,Phillip,Urry,+993 (741) 583-3657,purry64@gnu.org,81 Boyd,Las Vegas,NV,87481
222,Lynnet,Braunroth,+57 (120) 391-9369,lbraunroth65@newsvine.com,6522 Debs,Cicuco,AL,26599
223,Stevie,Amorts,+255 (611) 752-8629,samorts66@moonfruit.com,45 Ridgeway,Kandete,OR,22696
224,Cecil,Axby,+55 (818) 754-9919,caxby67@wisc.edu,38535 Corry,Santos,OR,21830
225,Leela,Brokenshaw,+1 (937) 771-8918,lbrokenshaw68@bandcamp.com,9 Westend,Dayton,OR,33122
226,Toby,Mateus,+237 (467) 860-5789,tmateus69@state.tx.us,8 Victoria,Ébolowa,CA,68587
227,Pearla,Monck,+1 (811) 115-7046,pmonck6a@slideshare.net,0 Sunnyside,Macklin,TAM,35516
228,Lindsay,Allridge,+62 (744) 955-8952,lallridge6b@webmd.com,96252 South,Tanjungjaya,MEX,26998
229,Anestassia,Matthesius,+46 (310) 828-9113,amatthesius6c@va.gov,385 Superior,Växjö,CA,24133
230,Nada,Starrs,+33 (269) 889-6809,nstarrs6d@goo.ne.jp,3 John Wall,Marignane,SD,89502
231,Chloe,Tyce,+62 (334) 552-5820,ctyce6e@si.edu,4 Caliangt,Sumberkindagan,MI,51156
232,Mersey,McKeller,+81 (640) 313-4530,mmckeller6f@digg.com,9 Melody,Hirakata,MEX,50656
233,Christan,Naismith,+66 (770) 478-5236,cnaismith6g@ucoz.ru,69 Grim,Chaiyo,TN,47700
234,Randy,Cartwright,+593 (923) 457-6721,rcartwright6h@csmonitor.com,8188 Redwing,Babahoyo,NM,80922
235,Cassandry,Bath,+998 (159) 479-7070,cbath6i@illinois.edu,49 American,G‘azalkent,TX,12596
236,Wakefield,MacGuigan,+45 (878) 491-9103,wmacguigan6j@cdbaby.com,72 Dawn,København,CT,32818
237,Deny,Veque,+86 (116) 201-4866,dveque6k@mashable.com,53990 Onsgard,Jinshi,TN,14569
238,Tobye,Herries,+33 (706) 740-8803,therries6l@hexun.com,928 Lakeland,Marly-le-Roi,FL,93080
239,Newton,Boord,+54 (786) 560-3300,nboord6m@gnu.org,666 Sunfield,Presidencia Roque Sáenz Peña,CAN,42791
240,Alexei,Halston,+86 (741) 461-0912,ahalston6n@nba.com,2457 Darwin,Heshui,MEX,58224
241,Dasie,Matts,+33 (194) 523-7395,dmatts6o@oakley.com,45 Spaight,Saint-Priest-en-Jarez,ITA,55308
242,Reade,Mabbitt,+420 (542) 148-4779,rmabbitt6p@blog.com,56788 Northwestern,Tacoma,WA,95214
243,Rochella,Beevers,+86 (924) 117-4392,rbeevers6q@issuu.com,58677 Mayer,Laiyang,EAU,23380
244,Bron,Lozano,+92 (340) 762-2768,blozano6r@chronoengine.com,2 High Crossing,Eugene,OR,56704
245,Redd,Poulter,+27 (506) 440-5543,rpoulter6s@1688.com,1 Fordem,Miami,FL,55973
246,Carey,Cristofano,+420 (608) 666-5757,ccristofano6t@washington.edu,34 Elgar,Daytona,FL,38295
247,Zahara,Bore,+52 (812) 910-7962,zbore6u@diigo.com,30 Sauthoff,Las Cruces,NM,32558
248,Marisa,Ronaghan,+86 (525) 716-9235,mronaghan6v@geocities.com,3298 Kensington,Sigaozhuang,IL,55258
249,Klement,Gwynn,+86 (985) 394-6233,kgwynn6w@wordpress.com,74 Novick,Bston,MA,82394
250,Ossie,Bosquet,+47 (267) 692-3667,obosquet6x@hexun.com,130 Spohn,New Haven,CT,47668
251,Henrieta,Tubbles,+55 (386) 111-8682,htubbles6y@ibm.com,670 Bunting,Georgia,AL,35056
252,Hershel,Smitham,+86 (690) 166-3807,hsmitham6z@mapy.cz,160 Grover,Laba Goumen,VT,19849
253,Sybille,Lewson,+355 (510) 287-4651,slewson70@theglobeandmail.com,226 Ridge Oak,Indianapolis,IN,36550
254,Melinde,Biscomb,+62 (594) 435-1431,mbiscomb71@elpais.com,880 Eliot,Tampa,FL,61210
255,Crissy,Rassell,+49 (215) 704-2902,crassell72@epa.gov,75978 Quincy,Seattle,WA,71503
256,Alix,Beddoes,+62 (407) 886-4832,abeddoes73@abc.net.au,7 Pennsylvania,Sarimukti Kaler,NY,76735
257,Melody,Morton,+51 (598) 753-5212,mmorton74@linkedin.com,2 Golf,Huacachi,CO,94509
258,Alfonso,Payfoot,+691 (806) 699-8352,apayfoot75@vimeo.com,4 Miller,Tofol,CA,83905
259,Pace,Fairney,+57 (522) 554-4842,pfairney76@biglobe.ne.jp,1 Evergreen,Don Matías,CA,65821
260,Normie,Parell,+358 (854) 268-6770,nparell77@nsw.gov.au,73271 David,Virolahti,OR,60655
261,Alix,Thurner,+33 (277) 889-7365,athurner78@ameblo.jp,485 Memorial,Marseille,NY,22892
262,Bret,Leebetter,+86 (983) 775-9073,bleebetter79@cocolog-nifty.com,63826 Surrey,Anju,TN,38289
263,Tuck,Curcher,+62 (873) 801-8245,tcurcher7a@rambler.ru,2648 Artisan,Banjarejo,AK,55000
264,Gasparo,Musgrove,+234 (871) 278-3947,gmusgrove7b@discovery.com,61 Grim,Wawa,HI,61457
265,Junie,Curgenuer,+52 (123) 374-2312,jcurgenuer7c@buzzfeed.com,93 Sutteridge,Las Americas,AL,98533
266,Godard,Castellino,+60 (952) 796-5559,gcastellino7d@samsung.com,8 Bay,Kuala Terengganu,MT,12536
267,Pooh,Marskell,+63 (918) 401-5967,pmarskell7e@wikispaces.com,35 Dakota,Minneapolis,MI,44272
268,Angelica,Webb,+7 (837) 348-6396,awebb7f@woothemes.com,36738 Maywood,Minneapolis,MI,33438
269,Sherline,Fountaine,+62 (759) 161-9133,sfountaine7g@google.es,59 Derek,Denver,CO,70472
270,Devina,Counsell,+351 (140) 616-8842,dcounsell7h@berkeley.edu,52427 Summer Ridge,Los Angeles,CA,23475
271,Lotte,Stiant,+33 (294) 751-7042,lstiant7i@bloglovin.com,73 Blue Bill Park,Vesoul,FL,51976
272,Billye,Scarsbrook,+48 (169) 783-7429,bscarsbrook7j@nps.gov,5647 Bobwhite,Rancho Santa Margherita,CA,76607
273,Averil,Blonden,+86 (506) 361-0724,ablonden7k@elpais.com,12502 Menomonie,Minneapolis,MN,62806
274,Myer,Landrean,+593 (364) 162-9900,mlandrean7l@miibeian.gov.cn,0 Mendota,Milwaukee,WI,49609
275,Alvinia,Edon,+351 (340) 123-1538,aedon7m@cam.ac.uk,70647 Dwight,Kirkland,WA,34523
276,Constance,Kydd,+386 (940) 341-2239,ckydd7n@xrea.com,860 Sunfield,Walawala,WA,69975
277,Caroljean,McCrudden,+86 (566) 967-8429,cmccrudden7o@dailymotion.com,3 West,Bend,OR,14621
278,Ralph,MacTeague,+55 (844) 690-7675,rmacteague7p@gmpg.org,22 Mitchell,Salt Lake City,UT,63279
279,Betteanne,Scopyn,+381 (976) 928-6047,bscopyn7q@theguardian.com,3284 Tennyson,San Jose,CA,14842
280,Belvia,Ryding,+34 (241) 887-4022,bryding7r@washingtonpost.com,63228 Magdeline,Leon,TX,70850
281,Pierrette,Postance,+353 (612) 882-1011,ppostance7s@yelp.com,27 Bay,Nashville,TN,64198
282,Burt,Coots,+47 (402) 875-2240,bcoots7t@joomla.org,4 Cambridge,Lousiville,KT,95479
283,Jaquelyn,Flintiff,+51 (915) 158-4847,jflintiff7u@comcast.net,53 Walton,Washington D.C.,DC,32171
284,Wakefield,Rubinowitsch,+254 (323) 867-4575,wrubinowitsch7v@pcworld.com,50878 Garrison,Des Moines,IA,94211
285,Cristine,Hutcheson,+86 (111) 892-9263,chutcheson7w@whitehouse.gov,1 Quincy,Louisville,KT,95045
286,Fernandina,Nannini,+31 (337) 514-9910,fnannini7x@google.co.uk,380 Center,Almere Stad,NW,57104
287,Bordy,Swendell,+86 (335) 102-9660,bswendell7y@edublogs.org,2567 Cascade,Erling,NJ,88427
288,Thaxter,Fiddeman,+86 (847) 924-8933,tfiddeman7z@businessinsider.com,911 Goodland,Dayanggezhuang,CA,32092
289,Kit,Crowe,+55 (703) 607-9332,kcrowe80@china.com.cn,6 Schiller,Fort Collins,CO,58676
290,Antony,Eloi,+256 (116) 716-6419,aeloi81@bing.com,978 Northridge,Zombo,AK,15509
291,Ephraim,O'Sherin,+86 (453) 662-6616,eosherin82@aol.com,7 Old Shore,Hongqi,PA,43833
292,Jefferey,Trumper,+63 (903) 555-9918,jtrumper83@dell.com,52 Logan,Redwoods,CA,74949
293,Carling,Kaspar,+234 (665) 362-5005,ckaspar84@rambler.ru,69 Basil,Iowa City,IA,39373
294,Worden,Kleinbaum,+33 (168) 742-9190,wkleinbaum85@alibaba.com,38369 Hazelcrest,San Diego,CA,77949
295,Obediah,Delong,+420 (439) 973-7520,odelong86@ibm.com,809 Moose,Lexington,KT,48977
296,Delmore,Kless,+62 (225) 654-7347,dkless87@netvibes.com,5 Logan,Philadelphia,PA,55456
297,Idalia,Goulborne,+62 (384) 692-7656,igoulborne88@ovh.net,0 Stone Corner,Kansas-City,MI,83082
298,Harmonia,Dobey,+62 (837) 483-5788,hdobey89@latimes.com,8 Delladonna,Colorado Springs,CO,23286
299,Etienne,Mcwhinney,+7 (750) 669-8219,emcwhinney8a@ca.gov,177 Washington,San Francisco,CA,69306
300,Feliza,Fidge,+381 (898) 827-3417,ffidge8b@blinklist.com,87084 Sullivan,Fort Lauderdale,FL,87695
301,Lanae,Thrift,+504 (364) 753-4167,lthrift8c@opensource.org,6623 Redwing,Cedar Rapids,IA,66971
302,Rodie,Haizelden,+269 (431) 937-9493,rhaizelden8d@nydailynews.com,2340 Randy,Sait Paul,MN,45538
303,Gerianna,Henrych,+86 (280) 296-7982,ghenrych8e@wikispaces.com,8 Lake View,Yunlong,WI,71644
304,Bettye,Bordman,+41 (394) 843-9246,bbordman8f@hhs.gov,917 Daystar,Walawala,WA,38736
305,Donal,Blockwell,+502 (392) 148-5907,dblockwell8g@wordpress.org,6537 Hagan,Seattle,WA,30259
306,Maxie,Poor,+7 (190) 835-1785,mpoor8h@weibo.com,8 Morrow,Portland,OR,69259
307,Sacha,Storr,+62 (565) 887-5414,sstorr8i@blog.com,6784 Nelson,Beaver City,UT,36865
308,Carine,Ritchings,+86 (863) 299-5441,critchings8j@mayoclinic.com,1955 Kensington,Henglan,IN,75207
309,Brandy,Haglington,+242 (258) 111-1193,bhaglington8k@exblog.jp,8658 Washington,Austin,TX,40344
310,Wilone,Speerman,+81 (859) 639-8905,wspeerman8l@home.pl,57911 Pankratz,Nashville,TN,16251
311,Letizia,Kendle,+998 (952) 199-9291,lkendle8m@ftc.gov,2 6th,Lexington,KT,76529
312,Britney,Soars,+216 (598) 807-8005,bsoars8n@4shared.com,21190 Ridgeview,Washington D.C.,DC,71472
313,Genovera,Fahy,+86 (740) 131-7068,gfahy8o@hugedomains.com,40163 Arapahoe,Iowa City,IA,40603
314,Mathias,Livezey,+86 (586) 945-0453,mlivezey8p@cnbc.com,5207 Golf View,Louisville,KT,80395
315,Valentine,De Miranda,+86 (263) 376-0272,vdemiranda8q@taobao.com,713 Mcguire,Huaikan,NW,55732
316,Noe,Bimson,+1 (968) 841-9041,nbimson8r@yahoo.co.jp,49 Logan,Carman,NJ,59940
317,Corliss,Dael,+86 (833) 686-9053,cdael8s@china.com.cn,84 Ilene,Los Angeles,CA,67153
318,Ginevra,Chater,+86 (815) 445-7376,gchater8t@sciencedaily.com,3 Annamark,Denver,CO,13942
319,Nadine,Yankov,+502 (743) 407-1694,nyankov8u@imgur.com,6 Clove,Jocotenango,AK,54814
320,Ardeen,Heinz,+351 (949) 810-8938,aheinz8v@nps.gov,374 1st,Barqueiro,PS,27901
321,Lora,Pember,+7 (705) 950-6385,lpember8w@opera.com,1750 Continental,,CA,88032
322,Vernen,Billion,+62 (808) 249-5753,vbillion8x@cnet.com,8 Veith,Bajera,IA,64281
323,Zora,McCallister,+242 (369) 936-3778,zmccallister8y@youtu.be,2 Charing Cross,Kasangulu,CA,97026
324,Beatrice,Gadsdon,+62 (706) 217-9928,bgadsdon8z@google.com.au,79 5th,Penaraga,KT,11789
325,Raffaello,Triggel,+62 (234) 815-1783,rtriggel90@fc2.com,65 Roxbury,Luthu,PA,52668
326,Dallas,Camelli,+7 (353) 923-4024,dcamelli91@indiatimes.com,93063 Mosinee,Satka,CA,94210
327,Quentin,Budgeon,+598 (437) 748-8891,qbudgeon92@washington.edu,6 Paget,Rivera,AL,66993
328,Shaylynn,Sharp,+86 (875) 595-5307,ssharp93@nytimes.com,22 Stuart,Mingcheng,VT,50423
329,Marylee,Carlyon,+66 (410) 977-4275,mcarlyon94@google.it,8877 Mariners Cove,Senangkhanikhom,IN,99321
330,Amery,Richardt,+7 (500) 293-8084,arichardt95@thetimes.co.uk,52116 Melrose,Tarbagatay,FL,23867
331,Iseabal,Cundict,+86 (971) 496-2795,icundict96@vistaprint.com,8 Swallow,Longgang,WV,53138
332,Priscella,Derbyshire,+86 (291) 741-7629,pderbyshire97@fc2.com,3 Carioca,New York,NY,23737
333,Adena,Smallman,+380 (121) 798-0984,asmallman98@vistaprint.com,4 Gateway,Denver,CO,77388
334,Bret,Heijnen,+81 (815) 790-5411,bheijnen99@blogs.com,10422 Acker,Paso Robles,CA,56775
335,Karen,Linforth,+86 (670) 630-9038,klinforth9a@google.cn,90 Fair Oaks,Lompoc,CA,26400
336,Brear,Hollow,+86 (616) 352-1695,bhollow9b@usnews.com,52 Monterey,Bend,OR,20555
337,Francisca,Towlson,+63 (740) 846-6971,ftowlson9c@printfriendly.com,85 Monica,Bagumbayan,NY,38493
338,Maggee,Gourlay,+52 (495) 561-1053,mgourlay9d@e-recht24.de,88 Pleasure,Nueva Esperanza,TN,59239
339,Kenneth,Kleinzweig,+81 (366) 656-8319,kkleinzweig9e@seattletimes.com,1680 Grover,Kokubunji,AK,89220
340,Melloney,Joynes,+20 (465) 799-1653,mjoynes9f@gmpg.org,190 Declaration,Shibīn al Qanāţir,HI,46836
341,Brianne,Berk,+62 (146) 576-6596,bberk9g@soundcloud.com,3724 Mcguire,Maae,AL,78132
342,Berri,Hairyes,+509 (269) 906-6242,bhairyes9h@a8.net,98 Hauk,Kenscoff,MT,36295
343,Clementina,Philpault,+86 (333) 962-6324,cphilpault9i@goo.gl,1036 Westport,Beihuaidian,MI,14778
344,Jeannette,MacPaik,+48 (378) 197-9280,jmacpaik9j@mozilla.com,3679 Anthes,Jawornik Polski,MI,97431
345,Timmi,Spread,+62 (103) 423-9187,tspread9k@omniture.com,167 Rowland,Sambungjaya,CO,76932
346,Erna,Guy,+1 (408) 378-2691,eguy9l@qq.com,963 Sheridan,Miramichi,NB,26163
347,Jesselyn,Husband,+86 (930) 970-7612,jhusband9m@bbc.co.uk,9473 Pawling,Yuanyang,IL,59565
348,Verne,Toth,+359 (620) 705-3803,vtoth9n@plala.or.jp,521 Walton,Berkovitsa,CO,20663
349,Barbe,Potier,+7 (249) 313-7015,bpotier9o@biblegateway.com,86 Victoria,Nagutskoye,CA,25958
350,Florenza,Aime,+55 (660) 853-6303,faime9p@ifeng.com,33472 Aberg,Lagoa Vermelha,NJ,90106
351,Ebba,Treweek,+234 (848) 431-2767,etreweek9q@comcast.net,5 Ridge Oak,Ogaminan,PA,53842
352,Charo,Ridolfi,+62 (573) 949-1872,cridolfi9r@pagesperso-orange.fr,29152 Mayer,Karangbadar Kidul,NY,96382
353,Kimmy,Surplice,+375 (161) 777-2971,ksurplice9s@pcworld.com,665 Pennsylvania,Plyeshchanitsy,AL,46099
354,Tiertza,Domerque,+62 (534) 806-9685,tdomerque9t@wikispaces.com,8562 Cordelia,Laironja,MT,65931
355,Corrina,Copin,+86 (630) 928-0406,ccopin9u@economist.com,8773 Holmberg,Xinning,ID,40942
356,Axe,Whiteside,+7 (876) 374-5755,awhiteside9v@mashable.com,21 Bashford,Krivyanskaya,NV,24688
357,Fielding,Trusdale,+382 (731) 242-5551,ftrusdale9w@princeton.edu,9 Warrior,Tivat,IL,40773
358,Roderigo,Moff,+62 (127) 804-8978,rmoff9x@photobucket.com,4 Tomscot,Raci Kulon,KT,24866
359,Chicky,Cottis,+7 (146) 198-2939,ccottis9y@51.la,64411 Haas,Solomenskoye,OR,62903
360,Marchelle,Elcy,+63 (614) 568-2752,melcy9z@epa.gov,77 Tennyson,Nueva Vida Sur,UT,42693
361,Kelcie,Broomhead,+254 (553) 144-1638,kbroomheada0@desdev.cn,614 Colorado,Butere,CA,67058
362,Arleyne,Pasque,+389 (231) 895-4560,apasquea1@drupal.org,300 Reinke,Студеничани,TX,44532
363,Robers,Gommowe,+354 (139) 973-3061,rgommowea2@dion.ne.jp,722 La Follette,Álftanes,TN,48917
364,Anton,Ward,+86 (641) 430-4798,awarda3@boston.com,7195 Twin Pines,Dahua,KT,21292
365,Morna,Greiser,+55 (254) 258-2688,mgreisera4@indiegogo.com,3 Red Cloud,Itapevi,DC,51349
366,Tedie,Dodle,+56 (939) 847-2951,tdodlea5@wordpress.com,5 Little Fleur,Los Andes,IA,93764
367,Baldwin,Chiene,+33 (463) 355-8604,bchienea6@sciencedirect.com,6087 Mallory,Montauban,KT,84790
368,Ewell,Veysey,+7 (725) 282-3882,eveyseya7@tinypic.com,45 Esker,Batagay-Alyta,NW,42462
369,Celestyna,Tomney,+976 (390) 590-3750,ctomneya8@elpais.com,5 Washington,Sujji,NJ,51589
370,Cookie,Pavlov,+86 (303) 931-9218,cpavlova9@prnewswire.com,4 Village,Jiuxian,CA,59295
371,Marlin,Jotcham,+7 (764) 416-7955,mjotchamaa@goo.ne.jp,1860 Sommers,Zhigulevsk,CO,79940
372,Ferris,Groven,+234 (372) 470-1767,fgrovenab@youtu.be,0 Mifflin,Wagini,AK,67913
373,Oswald,Cottier,+62 (898) 971-2678,ocottierac@simplemachines.org,205 Warner,Semarang,AL,33267
374,Sol,Sambells,+420 (497) 877-1384,ssambellsad@tinyurl.com,62160 1st,Bechlín,FL,70178
375,Pascal,Spatari,+86 (562) 644-8999,pspatariae@elegantthemes.com,55 Cascade,Dalianwan,SD,81823
376,Jasmine,Lister,+7 (186) 893-0250,jlisteraf@jalbum.net,4407 Saint Paul,Vilya,SD,75744
377,Morly,Frotton,+62 (832) 897-2756,mfrottonag@time.com,13 Heath,Sidonganti,NC,62848
378,Bennie,Whoston,+355 (277) 297-0000,bwhostonah@w3.org,831 Scott,Strum,SC,36112
379,Brana,Pretley,+1 (975) 828-3045,bpretleyai@theglobeandmail.com,884 Gerald,Stony Plain,CA,89493
380,Mei,Slowley,+86 (604) 899-5244,mslowleyaj@opera.com,6 Mosinee,Zhaogezhuang,PA,54926
381,Orv,Zarfati,+33 (832) 118-3057,ozarfatiak@so-net.ne.jp,314 Arkansas,Massy,MI,51753
382,Nichols,Mikalski,+977 (307) 182-4921,nmikalskial@who.int,792 Melby,Birendranagar,TN,62586
383,Austine,Tame,+62 (873) 782-0900,atameam@wisc.edu,14913 Moland,Garahaji,KT,76698
384,Nisse,Bosch,+351 (936) 363-5180,nboschan@ebay.co.uk,3 Buhler,Sarzedo,TX,98343
385,Avram,Macro,+63 (257) 137-4281,amacroao@army.mil,4671 Sage,Bonga,IA,14029
386,Sonny,Budgen,+30 (755) 804-0170,sbudgenap@cbsnews.com,330 Hintze,Kinéta,CA,47289
387,Blanch,Antoni,+86 (266) 276-1339,bantoniaq@ed.gov,1692 Caliangt,Boji,KT,11690
388,Ninette,Tatnell,+351 (503) 401-8432,ntatnellar@admin.ch,2591 Truax,Mirões,PA,49076
389,Reube,Guitte,+27 (996) 630-1142,rguitteas@globo.com,47346 Morningstar,Ixopo,MI,35142
390,Cornelius,Repp,+86 (707) 421-2883,creppat@hostgator.com,9342 Dapin,Zhuyeping,CO,14557
391,Pattin,Copnar,+86 (967) 113-7683,pcopnarau@mysql.com,3745 Merrick,Suzhou,CA,90529
392,Edna,MacCaffrey,+995 (279) 702-0957,emaccaffreyav@blogs.com,7 Westerfield,Adigeni,FL,93440
393,Jennica,Kornel,+86 (882) 758-9069,jkornelaw@moonfruit.com,7146 Buell,Honghua’erji,IA,46048
394,Darrelle,Grotty,+63 (455) 215-9132,dgrottyax@over-blog.com,50871 Grasskamp,Bual,MN,48458
395,Kassandra,Jozsika,+48 (495) 843-5398,kjozsikaay@edublogs.org,8842 Farragut,Kolbudy,WI,88582
396,Drugi,Laverenz,+63 (549) 512-9201,dlaverenzaz@about.me,9703 Hoffman,Buracan,WA,34828
397,Marillin,Reville,+86 (597) 287-5863,mrevilleb0@hp.com,4662 Mockingbird,Xinshi,WA,15189
398,Lauraine,Yewdall,+62 (916) 701-4617,lyewdallb1@economist.com,3609 Walton,Lengkongsari,OR,77902
399,Nona,Aindriu,+63 (192) 380-0577,naindriub2@networksolutions.com,4054 Judy,Rizal,UT,13392
400,Anica,Demonge,+420 (843) 677-9867,ademongeb3@nps.gov,7 Sachtjen,Velké Bílovice,IN,37455
401,Donnie,Presman,+62 (824) 592-5093,dpresmanb4@furl.net,7 Pond,Putatbasiun,TX,69757
402,Darrell,Viggars,+86 (847) 297-1633,dviggarsb5@illinois.edu,4 Hollow Ridge,Beixiang,TN,31700
403,Krista,Gouley,+62 (781) 711-7156,kgouleyb6@china.com.cn,74 1st,Telagaselaba,KY,43972
404,Ursa,Janout,+55 (823) 962-9255,ujanoutb7@ucoz.com,0 Butterfield,Valparaíso,MT,37584
405,Ginnie,Callar,+62 (187) 962-5751,gcallarb8@smugmug.com,371 Kinsman,Kedungdowo,CA,16119
406,Simone,Rowan,+33 (935) 419-9354,srowanb9@51.la,5448 Annamark,Blois,NV,77148
407,Ellsworth,Witherington,+54 (933) 356-3745,ewitheringtonba@discovery.com,82157 Meadow Vale,Salto,ID,80296
408,Hale,Albinson,+49 (626) 771-0333,halbinsonbb@amazon.co.jp,8 3rd,Hamburg,KS,28312
409,Fan,Gabbett,+33 (639) 587-7547,fgabbettbc@dropbox.com,5 Dryden,Briey,TX,24169
410,Ludovico,Tourry,+33 (106) 511-6985,ltourrybd@miibeian.gov.cn,19131 Ridgeview,Toulouse,CO,79044
411,Ysabel,Renshall,+49 (746) 928-7922,yrenshallbe@umich.edu,632 Northwestern,München,NM,80348
412,Johan,MacManus,+86 (540) 663-5996,jmacmanusbf@ucoz.com,802 Lyons,Niulanshan,NB,34835
413,Bran,Paule,+86 (193) 204-2522,bpaulebg@geocities.com,58483 Southridge,Baizhu,SD,28826
414,Derron,Westcar,+597 (793) 947-8889,dwestcarbh@independent.co.uk,743 Duke,Nieuw Nickerie,ND,65265
415,Abe,Fuentez,+63 (296) 175-0316,afuentezbi@rakuten.co.jp,85 Spenser,Liloan,FL,45456
416,Bryant,Pawley,+62 (619) 562-7536,bpawleybj@cdc.gov,3963 Clove,Tajan,PA,99744
417,Karoly,Lewer,+62 (288) 242-2632,klewerbk@earthlink.net,315 Boyd,Belang,NY,82756
418,Greg,More,+54 (693) 481-8540,gmorebl@usda.gov,6293 Pennsylvania,San Jorge,WI,54174
419,Goldina,Reneke,+98 (450) 185-3729,grenekebm@sbwire.com,379 Village,Tākestān,IL,61615
420,Dell,Sinnatt,+385 (694) 823-5378,dsinnattbn@wisc.edu,8601 Arapahoe,Pridraga,NV,14549
421,Iris,Jenks,+86 (118) 904-1004,ijenksbo@wp.com,1072 Tomscot,Guji,IL,76655
422,Leah,Caunt,+420 (995) 156-5121,lcauntbp@senate.gov,403 Corry,Tvrdonice,IA,31787
423,Meir,Perassi,+57 (346) 759-1029,mperassibq@sbwire.com,97 Kim,Curumaní,IL,35339
424,Ernesto,Adlam,+86 (547) 571-9013,eadlambr@who.int,9 Springview,Yangqiao,OR,30450
425,Modestia,Pittel,+86 (974) 955-3629,mpittelbs@mtv.com,62 Bay,Longbo,AK,68871
426,Brina,Layburn,+66 (143) 309-5157,blayburnbt@va.gov,838 Dottie,Ko Chan,HI,61704
427,Sula,Brownlee,+54 (512) 520-1152,sbrownleebu@t.co,54819 Novick,Napenay,AL,28778
428,Faustina,McCully,+48 (604) 557-9450,fmccullybv@indiegogo.com,3230 Morning,Grzmiąca,MT,35245
429,Zacherie,Ghiotto,+970 (421) 320-4269,zghiottobw@tripadvisor.com,23 Darwin,Kafr Zībād,MI,50721
430,Eleni,Kreuzer,+33 (722) 560-3370,ekreuzerbx@cnbc.com,3 Kennedy,Cahors,MI,97070
431,Vere,Bauduccio,+86 (430) 945-5168,vbauduccioby@xrea.com,41 Summerview,Xindian,CO,31400
432,Kelli,Balffye,+84 (268) 468-3805,kbalffyebz@flavors.me,991 Maple,Đồi Ngô,NB,97193
433,Kyle,Barbosa,+507 (675) 326-0718,kbarbosac0@imageshack.us,2 Lakewood Gardens,Progreso,IL,47588
434,Melloney,Freer,+7 (253) 938-8589,mfreerc1@telegraph.co.uk,86178 Johnson,Yelabuga,CO,88098
435,Hendrika,Grinham,+86 (649) 618-4136,hgrinhamc2@cnet.com,783 Hansons,Gaojiabu,CA,50867
436,Sherlocke,Ellum,+55 (392) 778-9628,sellumc3@google.es,1 Russell,Cabreúva,NJ,16836
437,Horace,Keen,+375 (168) 416-6541,hkeenc4@indiatimes.com,5 Vernon,Zel’va,PA,58056
438,Ciel,Pancoast,+237 (824) 231-8489,cpancoastc5@jimdo.com,2128 Anniversary,Kumbo,NY,53462
439,Jami,Wadworth,+84 (529) 700-7229,jwadworthc6@alexa.com,7488 Mallard,Hữu Lũng,AL,73572
440,Crichton,O'Shirine,+55 (618) 624-3503,coshirinec7@a8.net,4688 Kipling,Maragogipe,MT,36155
441,Kiah,Brea,+81 (407) 990-2002,kbreac8@over-blog.com,8801 5th,Ise,KT,58936
442,Torey,McFadden,+43 (867) 873-4957,tmcfaddenc9@adobe.com,36243 Sloan,Niederwaldkirchen,CA,80113
443,Emalee,Goddman,+81 (283) 126-0847,egoddmanca@discuz.net,4 Colorado,Nagareyama,TX,32774
444,Welbie,Olivas,+386 (365) 123-9352,wolivascb@imgur.com,6 Troy,Šalovci,TN,33590
445,Dian,Dawidowicz,+47 (695) 311-4366,ddawidowiczcc@boston.com,2919 Doe Crossing,Oslo,OR,49924
446,Kirby,Rozanski,+507 (238) 250-5470,krozanskicd@163.com,245 Porter,Pacora,AL,95345
447,Ailina,Poxon,+62 (778) 335-6853,apoxonce@google.ru,794 6th,Tanjungjaya,UT,79866
448,Alyss,Clopton,+86 (449) 749-1984,acloptoncf@stanford.edu,54 Vera,Lianfa,VT,46076
449,Valentin,Humbell,+976 (736) 201-6421,vhumbellcg@slashdot.org,605 Melvin,Buyant,NV,44357
450,Adria,Brighty,+62 (795) 882-8021,abrightych@ca.gov,9 Kim,Ngangguk,OR,64241
451,Elspeth,Pendrill,+81 (128) 761-3481,ependrillci@jigsy.com,42676 North,Toba,PA,22030
452,Stevy,Waterhowse,+57 (836) 472-0496,swaterhowsecj@naver.com,471 Ridgeview,Quimbaya,CT,97026
453,Christel,Cornforth,+62 (370) 526-4109,ccornforthck@rediff.com,8097 Jay,Sawahan,NJ,49275
454,Fleming,Gabitis,+506 (859) 643-0227,fgabitiscl@shop-pro.jp,9111 Beilfuss,Alajuela,PA,47019
455,Rea,Stonary,+7 (867) 331-0720,rstonarycm@wikispaces.com,9176 Quincy,Pavlodol’skaya,NY,99373
456,Alejandrina,Hagger,+86 (320) 416-9429,ahaggercn@tinyurl.com,864 Shoshone,Hongshan,AL,68999
457,Dawn,McReath,+380 (718) 745-4303,dmcreathco@noaa.gov,4 Elka,Zolotonosha,AL,15260
458,Wilmar,Snassell,+33 (417) 369-4372,wsnassellcp@ovh.net,7712 Welch,Fécamp,CO,54514
459,Langston,Rawsthorne,+62 (284) 541-4434,lrawsthornecq@cyberchimps.com,0 Scott,Tegalloa,MN,79355
460,Harold,Greensmith,+242 (993) 818-2209,hgreensmithcr@seattletimes.com,9 Bunting,Likasi,CA,17186
461,Joachim,Jillitt,+86 (292) 574-8634,jjillittcs@icio.us,33480 Badeau,Taihua,PA,73198
462,Georgianne,Guyon,+1 (285) 684-4994,gguyonct@umich.edu,2 Ilene,Jonquière,CT,20272
463,Jacynth,Huster,+86 (204) 753-6141,jhustercu@auda.org.au,238 Schurz,Qian’an,NJ,32915
464,Elysia,Curnok,+242 (820) 753-1259,ecurnokcv@dot.gov,10 Cody,Kinshasa,PA,56030
465,Sella,Caddan,+1 (500) 445-1829,scaddancw@soundcloud.com,1099 Garrison,George Town,NY,95270
466,Donnajean,Lancaster,+20 (311) 256-7479,dlancastercx@msn.com,49 Debs,Talā,AL,46249
467,Godiva,Thies,+970 (959) 716-5081,gthiescy@is.gd,3 Kipling,Naḩḩālīn,MT,81139
468,Sansone,Wheatcroft,+62 (159) 270-9672,swheatcroftcz@house.gov,79224 Laurel,Sukamaju,ID,21560
469,Thedrick,Rosenshine,+86 (226) 655-2211,trosenshined0@imageshack.us,963 Summer Ridge,Zhongguan,NV,69494
470,Rad,Orgill,+62 (899) 656-0248,rorgilld1@earthlink.net,8476 New Castle,Pajak,IL,54753
471,Osbourn,Grangier,+62 (553) 230-1202,ograngierd2@yale.edu,85 Manley,Trasak,KT,64035
472,Fitz,Margeram,+66 (373) 188-4125,fmargeramd3@e-recht24.de,6144 Moulton,Phra Pradaeng,PCR,96293
473,Cash,Chupin,+62 (570) 312-8331,cchupind4@scribd.com,575 Moose,Nunmanu,KEN,62224
474,Esdras,Youhill,+351 (281) 561-2049,eyouhilld5@google.fr,34249 Mayfield,Peras Ruivas,MI,46938
475,Danielle,Vales,+33 (670) 812-9587,dvalesd6@ezinearticles.com,2 Esch,Brie-Comte-Robert,AB,61606
476,Jamaal,Siman,+48 (878) 352-4475,jsimand7@berkeley.edu,356 Swallow,Biała Piska,NV,65942
477,Dayna,MacArd,+62 (789) 853-7920,dmacardd8@wix.com,503 Pennsylvania,Kendal,IL,63614
478,Darrick,Tomaszynski,+7 (639) 935-7096,dtomaszynskid9@washingtonpost.com,16 Novick,Chernomorskiy,KT,88107
479,Yovonnda,Bernolet,+86 (397) 450-8508,ybernoletda@w3.org,64 Carioca,Yangqiaodian,PCR,54341
480,Ivie,Brock,+48 (544) 522-5005,ibrockdb@intel.com,649 Reinke,Raczki,TX,13868
481,Coriss,Olyunin,+33 (501) 536-2712,colyunindc@earthlink.net,6 Tennessee,Montreuil,TN,54174
482,Moshe,Battrum,+86 (737) 497-6924,mbattrumdd@noaa.gov,5913 Corscot,Sandao,IL,21569
483,Lillis,Incogna,+389 (444) 805-0657,lincognade@artisteer.com,277 Carberry,Gradec,KT,64522
484,Humfried,Mannering,+996 (877) 551-1998,hmanneringdf@who.int,7 Stephen,Chayek,CA,86804
485,Annabella,Rubi,+62 (123) 161-3359,arubidg@eventbrite.com,659 Stephen,Pajak,TX,65566
486,Sonnie,MacEntee,+55 (941) 712-6990,smacenteedh@tripod.com,2185 Karstens,Caçador,TN,29688
487,Alfie,Baudry,+351 (130) 301-1745,abaudrydi@cnbc.com,823 Miller,Junqueiro,OR,57056
488,Reynold,Schollar,+975 (243) 224-8766,rschollardj@is.gd,9 Westend,Trongsa,AL,74025
489,Daryle,Shord,+55 (326) 160-4605,dshorddk@1und1.de,4 Ronald Regan,Paraíso das Águas,UT,54735
490,Ashleigh,McGovern,+57 (250) 781-1915,amcgoverndl@jugem.jp,302 Anniversary,San Benito Abad,VT,25288
491,Natalina,Halstead,+353 (749) 891-3943,nhalsteaddm@cafepress.com,716 Londonderry,Aghada,NV,51407
492,Chantal,Wooton,+62 (398) 654-8155,cwootondn@shareasale.com,49 Forest Run,Paringin,CO,19389
493,Ignacio,Rawson,+86 (507) 872-4277,irawsondo@washington.edu,372 Superior,Haihui,FL,16331
494,Natividad,Brougham,+234 (225) 683-9941,nbroughamdp@weebly.com,7307 Carey,Pindiga,CA,75974
495,Eliza,Allchorn,+227 (900) 785-7178,eallchorndq@google.com.au,58 Waubesa,Téra,CA,61867
496,Jaynell,Illston,+63 (550) 575-2089,jillstondr@acquirethisname.com,9964 Ryan,Santa Teresa,CA,40763
497,Justina,Beadel,+381 (545) 547-2647,jbeadelds@fc2.com,1761 Charing Cross,Voždovac,MEX,89538
498,Bendite,Tirrell,+504 (493) 254-2333,btirrelldt@rambler.ru,3 Johnson,San Francisco de la Paz,OK,88697
499,Sara-ann,Burrett,+52 (361) 955-6288,sburrettdu@fda.gov,15056 Oxford,San Jose,CA,62236
500,Phelia,Iacobacci,+358 (395) 387-6704,piacobaccidv@baidu.com,27 Morning,Siilinjärvi,IA,57742
501,Lotti,Acres,+256 (434) 532-2345,lacresdw@usatoday.com,49104 Morningstar,Bukomansimbi,OR,63241
502,Kaitlyn,Pyatt,+355 (340) 443-8600,kpyattdx@icq.com,359 Golf Course,Rrasa e Sipërme,NB,36883
503,Curran,Kennion,+62 (341) 567-6897,ckenniondy@slashdot.org,6318 Scofield,Atawutung,NV,87222
504,Tamera,Casin,+86 (741) 560-8226,tcasindz@hubpages.com,25851 Rieder,Zhenlai,CO,20240
505,Misha,Preist,+62 (957) 528-5409,mpreiste0@blogger.com,87 Duke,Pasar Kidul,PA,57679
506,Florence,Pim,+63 (226) 387-0452,fpime1@google.fr,35 Magdeline,Igbaras,NY,58573
507,Jasper,Rycraft,+51 (853) 295-6059,jrycrafte2@europa.eu,8 Golden Leaf,Marcara,NV,86054
508,Diana,McIlmorie,+48 (395) 254-4897,dmcilmoriee3@shinystat.com,29867 Hermina,Bogoria,IL,63654
509,Paulo,Pallis,+63 (232) 455-9139,ppallise4@phpbb.com,21 Sullivan,San Rafael,OR,65593
510,Shawna,Gwilliam,+56 (187) 193-7501,sgwilliame5@desdev.cn,3 Hoffman,Puerto Montt,AZ,50286
511,Wylie,Assante,+62 (775) 851-3035,wassantee6@ucla.edu,9 Eggendart,Cirangrang,CA,21041
512,Matty,Jeffery,+62 (338) 881-4892,mjefferye7@desdev.cn,157 Kingsford,Bidikotak,OK,24598
513,Dun,De la Yglesia,+269 (285) 134-2966,ddelayglesiae8@kickstarter.com,42998 Manley,Itsandzéni,NY,59146
514,Dedie,Pannett,+51 (362) 387-7855,dpannette9@issuu.com,45631 La Follette,Conchopata,AL,22219
515,Maddie,Gleadhell,+1 (335) 821-1640,mgleadhellea@joomla.org,0 Lerdahl,Lacolle,MEX,64112
516,Mela,Pedroli,+351 (983) 191-4986,mpedrolieb@sun.com,2580 Schmedeman,Barra Cheia,AL,44032
517,Annadiana,Secret,+86 (965) 548-6188,asecretec@alexa.com,1 Farwell,Shuangyang,AL,90026
518,Morgana,MacAloren,+1 (736) 251-3951,mmacalorened@sun.com,3 Arrowood,High Prairie,AB,31616
519,Herb,Abelovitz,+55 (226) 480-1239,habelovitzee@google.com.hk,5226 Wayridge,Cachoeirinha,HI,51619
520,Valli,Splaven,+46 (252) 788-4216,vsplavenef@intel.com,429 Mandrake,Asarum,KY,55327
521,Ciel,Biasi,+62 (738) 739-6885,cbiasieg@ycombinator.com,34 Dexter,Cidima,CO,22350
522,Roobbie,Otson,+81 (914) 287-5408,rotsoneh@paginegialle.it,70 Banding,Hatsukaichi,NH,87958
523,Cody,Mateja,+48 (404) 524-5785,cmatejaei@mayoclinic.com,20 Armistice,Piątnica,NM,65651
524,Darrin,Greste,+963 (409) 223-8408,dgresteej@smugmug.com,89423 Golf Course,Bāniyās,ID,57841
525,Erika,Kynnd,+62 (432) 265-9494,ekynndek@chronoengine.com,257 Loftsgordon,Taramana,KS,48703
526,Cookie,Scawton,+267 (807) 951-0167,cscawtonel@deviantart.com,8 Carberry,Molepolole,TX,54406
527,Viviyan,Uttley,+359 (578) 819-5883,vuttleyem@chicagotribune.com,7 Browning,Sofia,CO,83107
528,Fredi,Colbran,+380 (727) 704-7145,fcolbranen@gov.uk,0 Cascade,Bile,NM,74261
529,Carolann,Shillom,+86 (909) 856-3836,cshillomeo@blogs.com,9 Sheridan,Tuguan,NB,22919
530,Hieronymus,St. Hill,+44 (533) 203-2291,hsthillep@ucla.edu,2450 Meadow Ridge,Aberdeen,SD,29548
531,Tanner,Gosnold,+66 (612) 357-5324,tgosnoldeq@pagesperso-orange.fr,7669 Dottie,Nang Rong,ND,44945
532,Krispin,Hazle,+591 (696) 826-2377,khazleer@mlb.com,20450 Anniversary,Yotala,FL,70089
533,Bastien,Cresar,+1 (303) 647-2338,bcresares@flavors.me,6 Vera,Denver,PA,28224
534,Niel,Spillman,+7 (674) 719-0954,nspillmanet@irs.gov,1150 Stuart,Teberda,NY,89580
535,Magda,Blaxill,+355 (671) 956-0285,mblaxilleu@usgs.gov,61 Mifflin,Saraqinishtë,WI,22069
536,Ilene,Cowdray,+63 (715) 381-6346,icowdrayev@yellowbook.com,5 Hooker,Rizal,IL,47379
537,Frances,Cast,+62 (100) 569-3831,fcastew@prnewswire.com,3 Sommers,Gunung Talang,NV,91699
538,Marylynne,Rubury,+86 (105) 874-2649,mruburyex@miibeian.gov.cn,28834 Sage,Qianjin,IL,30066
539,Charo,Sumshon,+7 (479) 682-1302,csumshoney@yahoo.co.jp,64 Maple Wood,Kasli,OR,34730
540,Eldon,Geraldi,+86 (594) 195-5136,egeraldiez@elegantthemes.com,9966 Kenwood,Tongle,TX,38731
541,Roberta,Grzegorczyk,+44 (841) 399-5937,rgrzegorczykf0@guardian.co.uk,66681 Summer Ridge,Newton,LA,24547
542,Nelia,Kineton,+502 (549) 598-1309,nkinetonf1@cargocollective.com,1384 Cambridge,Palencia,TX,93439
543,Katie,Gatty,+47 (108) 921-7872,kgattyf2@noaa.gov,10 Orin,Bergen,TX,42869
544,Karel,Lawfull,+63 (511) 417-4289,klawfullf3@ovh.net,92 Straubel,Santa Praxedes,AL,17748
545,Etti,Quiddington,+62 (528) 214-5372,equiddingtonf4@illinois.edu,3 Paget,Citatah Kaler,CA,87925
546,Waverley,Matis,+62 (635) 374-3702,wmatisf5@walmart.com,19107 Morning,Urungpigang,CA,69275
547,Elianore,Klees,+63 (282) 444-0151,ekleesf6@shinystat.com,4239 Buell,Cawayan,CO,79617
548,Carmencita,Danbi,+86 (578) 543-4940,cdanbif7@booking.com,4651 Sachtjen,Guleluke,IA,79711
549,Franni,Pressman,+46 (967) 448-4023,fpressmanf8@un.org,362 Eastlawn,Kungsör,IL,57379
550,Yancey,Gilley,+86 (826) 801-9515,ygilleyf9@reuters.com,75594 Clyde Gallagher,Xuelu,IL,27569
551,Noemi,Diemer,+27 (600) 592-2503,ndiemerfa@xing.com,16 Jenifer,Dordrecht,IN,36667
552,Omar,Crippes,+81 (447) 342-5263,ocrippesfb@washington.edu,1799 Merrick,Moriguchi,MN,72878
553,Cassandre,Iacivelli,+63 (986) 551-5688,ciacivellifc@tinypic.com,0 Bartillon,Mabasa,QC,70038
554,Yardley,Heinrich,+48 (672) 984-2216,yheinrichfd@cbsnews.com,9021 Alpine,Nowa Ruda,CT,76245
555,Ree,Bonafant,+7 (660) 325-7702,rbonafantfe@earthlink.net,2713 Dixon,Valuyki,CAN,93492
556,Doralynne,Gilloran,+86 (958) 130-3920,dgilloranff@washington.edu,2 Manufacturers,Funan Chengguanzhen,PU,88383
557,Samuel,Rathbourne,+46 (375) 311-0118,srathbournefg@php.net,5 Briar Crest,Uppsala,MB,67414
558,Amargo,Rodrigo,+967 (683) 434-9952,arodrigofh@independent.co.uk,1 Eagan,Rajūzah,MEX,91006
559,Shir,Arnet,+84 (134) 896-2708,sarnetfi@timesonline.co.uk,0 Charing Cross,Thị Trấn Nga Sơn,MS,56925
560,Burg,McNea,+380 (343) 112-4357,bmcneafj@sourceforge.net,4 Elmside,Ovruch,NH,35215
561,Quinlan,Tarquinio,+63 (572) 944-5575,qtarquiniofk@fastcompany.com,2070 Morningstar,Maloco,CO,40904
562,Ole,Judkin,+98 (960) 642-3280,ojudkinfl@tripod.com,3703 Sullivan,Farmahīn,CT,64614
563,Munroe,Le Lievre,+381 (711) 216-9276,mlelievrefm@devhub.com,66 Carey,Kamenica,UT,48541
564,Romain,Attwooll,+380 (501) 274-3094,rattwoollfn@symantec.com,36973 Carey,Kostopil’,VM,12252
565,Isacco,Clunie,+7 (649) 179-3487,icluniefo@ft.com,89 Lunder,Shar’ya,NV,77381
566,Teena,Hewkin,+381 (997) 767-1660,thewkinfp@webs.com,5256 Sachtjen,Bogojevo,CO,27709
567,Remington,Cumberbatch,+267 (436) 216-9745,rcumberbatchfq@auda.org.au,3 John Wall,Mahalapye,V,79236
568,Bartolomeo,Barnfather,+420 (858) 757-9194,bbarnfatherfr@blinklist.com,2770 Dwight,Dolní Rychnov,WV,39827
569,Audy,Cauthra,+420 (162) 232-2478,acauthrafs@wordpress.com,757 Spenser,Morávka,ND,51990
570,Lorette,Matijevic,+7 (535) 848-0751,lmatijevicft@slideshare.net,3 Oak,Popovo,SD,94420
571,Inga,Wong,+354 (887) 956-9865,iwongfu@themeforest.net,8092 Macpherson,Höfn,SD,90431
572,Avictor,Gisborne,+49 (589) 833-3029,agisbornefv@chron.com,33 Eastwood,Hannover,ND,86778
573,Katinka,Berggren,+7 (746) 281-6707,kberggrenfw@cafepress.com,8 Redwing,Sobinka,TX,67902
574,Steve,Mantle,+7 (142) 684-4326,smantlefx@angelfire.com,41689 Shasta,Lenger,HI,14205
575,Kaine,Broggetti,+46 (269) 578-2429,kbroggettify@ycombinator.com,899 Brown,Gimo,SK,88167
576,Loni,Eles,+7 (687) 750-7052,lelesfz@telegraph.co.uk,4443 Spenser,Pashkovskiy,AL,23427
577,Bentley,McAllen,+63 (426) 745-3116,bmcalleng0@oracle.com,7 Lakewood Gardens,Magtangol,SC,95480
578,Kiri,Meere,+420 (826) 889-1025,kmeereg1@craigslist.org,7120 Onsgard,Žlutice,NC,93622
579,Othilia,Crummay,+54 (942) 455-1455,ocrummayg2@independent.co.uk,486 Independence,Alejo Ledesma,NC,35465
580,Poppy,Worwood,+996 (856) 510-5930,pworwoodg3@people.com.cn,234 Kim,Kant,AK,97985
581,Eunice,Abby,+7 (941) 253-6471,eabbyg4@icq.com,46 Dwight,Mirskoy,AZ,22850
582,Benny,Keeting,+86 (676) 302-7361,bkeetingg5@bandcamp.com,361 Di Loreto,Fanrong,AK,73233
583,Siward,Ledwich,+86 (727) 670-3229,sledwichg6@theatlantic.com,9716 Red Cloud,Wujiabao,MS,56601
584,Hagen,Shearwood,+505 (616) 685-8701,hshearwoodg7@google.es,2524 Esch,Condega,MI,15776
585,Annabelle,Rengger,+963 (410) 950-5515,arenggerg8@mozilla.org,5506 Sunfield,Englewood,AZ,75438
586,Emili,Huddles,+86 (356) 195-3013,ehuddlesg9@sfgate.com,22 Delladonna,Tunggar,PUE,60283
587,Ashlie,Jorissen,+58 (967) 646-5965,ajorissenga@elegantthemes.com,2926 Barnett,Los Guayos,MT,90347
588,Karie,Broadey,+675 (747) 653-3941,kbroadeygb@scribd.com,5 American,Ialibu,WA,76982
589,Hazel,End,+62 (561) 985-6051,hendgc@newyorker.com,5573 Montana,Rimpakgede,WA,29590
590,Devland,Cogman,+81 (160) 625-6030,dcogmangd@europa.eu,4098 Dixon,Umi,OR,64913
591,Gretel,Repp,+260 (199) 258-3678,greppge@fc2.com,6983 Carpenter,Limulunga,LA,58549
592,Forrester,Cassey,+46 (644) 913-3859,fcasseygf@umn.edu,975 Vera,Skara,AB,73396
593,Felizio,Paulusch,+86 (792) 273-4109,fpauluschgg@newyorker.com,2 Northview,Gujun,NC,29441
594,Bone,Riddall,+86 (717) 179-7053,briddallgh@upenn.edu,7 Hoepker,Changle,OR,11667
595,Carmelia,Roger,+60 (339) 704-1628,crogergi@phoca.cz,11814 Fremont,Ipoh,PRK,86531
596,Connie,Seagrove,+352 (916) 877-8894,cseagrovegj@bbc.co.uk,3811 Old Gate,Waldbredimus,MI,78126
597,Freeland,Vakhrushin,+86 (624) 997-4074,fvakhrushingk@sourceforge.net,8 Monica,Baiquesi,MI,83749
598,Thornton,Ferrarone,+504 (211) 746-4502,tferraronegl@histats.com,711 Nelson,Trujillo,CO,49896
599,Ruperto,Stoakes,+380 (354) 906-1321,rstoakesgm@psu.edu,7 Eagan,Berezne,CA,22706
600,Kiel,Endricci,+7 (436) 695-8915,kendriccign@phpbb.com,5859 3rd,Burla,FL,34376
601,Morgan,Eastam,+63 (811) 442-4546,meastamgo@sourceforge.net,7 International,Tawan tawan,IA,42171
602,Bobbi,Spohrmann,+57 (624) 412-1627,bspohrmanngp@nationalgeographic.com,71 Village Green,La Virginia,MN,51016
603,Odie,McGurn,+55 (770) 524-8144,omcgurngq@artisteer.com,71 Kim,Piraju,WI,53497
604,Meta,Ferrolli,+86 (245) 561-1688,mferrolligr@ucla.edu,804 Logan,Shunling,WA,27171
605,Orelia,Wallach,+86 (848) 721-1955,owallachgs@cmu.edu,982 Hallows,Kuzhu,WA,54559
606,Clotilda,Sperry,+54 (928) 952-6418,csperrygt@cocolog-nifty.com,5 Morningstar,Alejandro Roca,OR,65355
607,Katrine,Glazyer,+86 (447) 963-1566,kglazyergu@digg.com,1 Packers,Qiligang,UT,28161
608,Dianemarie,Nears,+359 (750) 339-4409,dnearsgv@hc360.com,37186 Crownhardt,Smolyan,CA,49680
609,Haleigh,Olkowicz,+66 (661) 160-5419,holkowiczgw@etsy.com,842 Eastwood,Ban Na,TX,26693
610,Ernestine,Hawkswood,+7 (529) 168-3834,ehawkswoodgx@addthis.com,286 Maryland,Yayva,TN,82108
611,Morgen,Halligan,+33 (910) 857-7814,mhalligangy@multiply.com,66 Mockingbird,Villeneuve-lès-Avignon,KT,48032
612,Devin,Bastone,+86 (592) 699-1288,dbastonegz@friendfeed.com,0 Forest,Baqiao,DC,64351
613,Robina,Bishop,+86 (557) 967-0450,rbishoph0@topsy.com,60 Northridge,Guojia,IA,16173
614,Rolph,Hosten,+48 (255) 162-0179,rhostenh1@engadget.com,38646 Golf Course,Krzęcin,KT,80235
615,Bord,Whithalgh,+86 (437) 743-3909,bwhithalghh2@ucoz.ru,46 Anniversary,Tongxing,NW,34236
616,Marrissa,Skrzynski,+7 (760) 325-2829,mskrzynskih3@eventbrite.com,71500 Ludington,Glyadyanskoye,NJ,25406
617,Leodora,Sparshett,+86 (915) 171-9728,lsparshetth4@pcworld.com,84 Florence,Zhengmo,CA,42360
618,Bria,Batham,+380 (528) 256-3981,bbathamh5@dell.com,5026 Dahle,Novohrad-Volyns’kyy,CO,87548
619,Idalina,De Metz,+420 (960) 961-8766,idemetzh6@scientificamerican.com,976 Rieder,Malá Strana,WA,58560
620,Dalila,Gauson,+62 (424) 152-4194,dgausonh7@craigslist.org,3175 Clemons,Pandean,WA,55346
621,Egbert,Boerderman,+993 (137) 400-6807,eboerdermanh8@vkontakte.ru,2888 Mcguire,Tejen,OR,12682
622,Purcell,Hesey,+963 (310) 545-2675,pheseyh9@storify.com,85271 Coleman,Qadsīyā,UT,20685
623,Clarance,Laguerre,+62 (770) 330-2432,claguerreha@slashdot.org,736 Dunning,Cikulahan,IN,28603
624,Francoise,Krzysztof,+62 (565) 559-8315,fkrzysztofhb@spotify.com,962 Summer Ridge,Bojawa,TX,99200
625,Guenna,Carlson,+62 (272) 381-1464,gcarlsonhc@nytimes.com,82983 Lakewood Gardens,Margotuhu Kidul,TN,71284
626,Lynda,Branca,+81 (326) 582-9939,lbrancahd@shareasale.com,65361 Lillian,Shiojiri,KY,28341
627,Katusha,Readwin,+502 (345) 185-1650,kreadwinhe@rediff.com,8339 Evergreen,Huitán,MT,32699
628,Verena,Kilsby,+1 (712) 529-9816,vkilsbyhf@cdbaby.com,981 Nelson,Sioux City,CA,63807
629,Burg,Sibbald,+1 (899) 564-7291,bsibbaldhg@sciencedaily.com,792 4th,Linstead,NV,24662
630,Luke,Mahaddy,+62 (964) 168-5388,lmahaddyhh@biglobe.ne.jp,69098 Dryden,Atap,ID,44868
631,Emmery,Kindon,+86 (290) 608-5265,ekindonhi@spiegel.de,4 Melody,Pulian,KS,94838
632,Lindy,Daughtery,+86 (181) 953-2980,ldaughteryhj@ucsd.edu,53707 Arapahoe,Meishan,TX,86814
633,Annabell,Andrasch,+62 (338) 120-1459,aandraschhk@ocn.ne.jp,42421 Golf View,Weetobula,CO,67757
634,Marcel,Hertwell,+420 (243) 960-0561,mhertwellhl@histats.com,805 Esch,Čáslav,NM,58190
635,Wynn,Mort,+86 (266) 727-3514,wmorthm@squarespace.com,4 Rockefeller,Wenping,NB,53744
636,Audi,Uzielli,+86 (380) 538-1003,auziellihn@goodreads.com,35 Bartillon,Lunang,SD,72430
637,Cristie,Tonkin,+98 (311) 425-9873,ctonkinho@bloomberg.com,33210 Jenifer,Sepīdān,ND,92455
638,Constanta,Benford,+7 (588) 119-4301,cbenfordhp@example.com,50644 Talisman,Rybinsk,FL,59817
639,Orson,Dory,+86 (903) 206-0513,odoryhq@ehow.com,569 Boyd,Daping,PA,77434
640,Stefanie,Steely,+55 (725) 281-0084,ssteelyhr@twitpic.com,491 Mendota,Paranaguá,NY,86350
641,Genny,MacTeague,+86 (570) 269-8700,gmacteaguehs@salon.com,604 Knutson,Jishui,PA,43808
642,Huey,Pauer,+509 (647) 730-4469,hpauerht@gizmodo.com,457 Judy,Cerca la Source,NY,69261
643,Bobby,Roscrigg,+30 (556) 291-7278,broscrigghu@hexun.com,874 Westport,Artémida,WI,75431
644,Charissa,Eadie,+256 (242) 343-3864,ceadiehv@berkeley.edu,3 Gateway,Soroti,IL,36034
645,Dinny,Croose,+94 (308) 985-1998,dcroosehw@kickstarter.com,52155 Sheridan,Vavuniya,NV,28181
646,Isobel,Tattersall,+63 (589) 567-4870,itattersallhx@yellowpages.com,15 Straubel,Aurora,IL,62425
647,Nariko,Bethell,+86 (282) 598-5207,nbethellhy@dell.com,67908 Hansons,Songkeng,IA,16101
648,Lucius,Filan,+30 (930) 261-8813,lfilanhz@tamu.edu,55113 Ramsey,Agía Triáda,IL,23808
649,Conchita,Ramm,+33 (595) 293-7050,crammi0@comsenz.com,7 Cardinal,Quimper,OR,15834
650,Eldon,Rosenauer,+963 (475) 704-9955,erosenaueri1@gov.uk,450 Springs,As Sūsah,AK,33679
651,Clarke,Chadburn,+82 (210) 687-3063,cchadburni2@bloomberg.com,9 Daystar,Reiko,HI,62643
652,Mischa,Boles,+62 (671) 627-7708,mbolesi3@unesco.org,7 Arrowood,Pandansari,AL,98447
653,Lucien,Cake,+86 (699) 758-6654,lcakei4@un.org,84 Mendota,Linchen,MT,72718
654,Lincoln,Blees,+86 (370) 313-8431,lbleesi5@timesonline.co.uk,50 Doe Crossing,Hefei,CA,17124
655,Sydel,Aymes,+33 (213) 923-9862,saymesi6@hc360.com,4 Heath,Lunel,CO,50723
656,Demeter,Riddoch,+381 (595) 752-6912,driddochi7@nasa.gov,8624 Lakeland,Prigrevica,IA,84244
657,Milicent,Glendinning,+86 (467) 197-7360,mglendinningi8@gravatar.com,9914 Lunder,Wengtian,IL,72364
658,Fritz,Dominichelli,+7 (878) 185-8246,fdominichellii9@usa.gov,7 Northport,Bira,IL,48242
659,Ree,Kamienski,+351 (306) 900-9577,rkamienskiia@stumbleupon.com,7 Sundown,Castainço,IN,24099
660,Constantino,Arrigo,+86 (441) 746-8800,carrigoib@etsy.com,874 Cordelia,Tandou,MN,45670
661,Gauthier,Leader,+62 (869) 322-0775,gleaderic@cdbaby.com,23 Fairview,Bintang,QC,92726
662,Archie,Knewstubb,+86 (197) 409-4311,aknewstubbid@angelfire.com,917 Oriole,Wa’eryi,CT,77017
663,Sephira,Bilsland,+965 (869) 972-7935,sbilslandie@nature.com,4351 Cambridge,Kuwait City,CAN,42034
664,Jeromy,Hardes,+63 (237) 163-7129,jhardesif@i2i.jp,71636 Ridgeway,Agpangi,PU,93801
665,Milo,Thormann,+46 (193) 791-6665,mthormannig@over-blog.com,20295 Namekagon,Ytterby,MB,20070
666,Randie,Kidds,+967 (427) 700-2412,rkiddsih@fc2.com,7 Norway Maple,Mayfa‘ah,MEX,20022
667,Cord,McKearnen,+86 (471) 253-8596,cmckearnenii@g.co,45 Superior,Dongchong,MS,45011
668,Suzie,Tarrant,+212 (172) 917-8921,starrantij@gmpg.org,785 Stuart,Boujniba,NH,30386
669,Jelene,Chastanet,+46 (323) 735-6681,jchastanetik@home.pl,52 Monica,Skelleftehamn,CO,76712
670,Noll,Eatock,+216 (461) 604-1828,neatockil@cafepress.com,280 Cherokee,Jendouba,CT,20476
671,Bernardine,Palke,+62 (549) 990-5499,bpalkeim@qq.com,62 Kedzie,Cipanjang,UT,62263
672,Robyn,Heynel,+63 (958) 495-6976,rheynelin@imageshack.us,2 Kings,Maddarulug Norte,VM,36982
673,Bendite,Saggs,+47 (944) 601-3299,bsaggsio@adobe.com,35277 Calypso,Bergen,NV,26618
674,Ileane,Crisall,+380 (863) 860-5499,icrisallip@studiopress.com,3065 Claremont,Chornobay,CO,44861
675,Raf,Dahlberg,+380 (782) 609-4656,rdahlbergiq@artisteer.com,21 Carpenter,Mahdalynivka,CO,90773
676,Biddy,Werrit,+1 (818) 182-7427,bwerritir@simplemachines.org,25 Ryan,Burbank,CT,29109
677,Gilberto,Kiehl,+55 (641) 958-5587,gkiehlis@bizjournals.com,0 Canary,Sapucaia,TN,64426
678,Reba,Cunliffe,+62 (876) 158-7216,rcunliffeit@topsy.com,392 Pepper Wood,Cigadog,CA,19005
679,Dynah,MacPaden,+81 (297) 862-4265,dmacpadeniu@hugedomains.com,978 Anhalt,Toyohashi,CA,61386
680,Claudelle,Vamplers,+63 (807) 106-4539,cvamplersiv@seattletimes.com,43192 Trailsway,Caticugan,CA,17279
681,Cathee,Colquite,+86 (936) 686-3345,ccolquiteiw@wikipedia.org,70650 Steensland,Yujia,CA,69162
682,Burnaby,Cromack,+691 (794) 279-3634,bcromackix@ifeng.com,47 Kings,Tamatam,OR,51534
683,Baxie,Hebblethwaite,+1 (423) 842-2225,bhebblethwaiteiy@nih.gov,38240 Northwestern,Chattanooga,TN,20709
684,Sarge,Grumbridge,+420 (593) 708-7178,sgrumbridgeiz@addthis.com,4 Warrior,Krásná Lípa,WA,36729
685,Glenn,Rockcliffe,+1 (595) 590-9971,grockcliffej0@woothemes.com,7 Texas,Las Terrenas,WI,43695
686,Mehetabel,Roze,+81 (601) 453-7363,mrozej1@sitemeter.com,65 Monterey,Hayama,IL,24684
687,Winnie,Lyness,+33 (888) 132-2959,wlynessj2@nature.com,576 Brown,Caen,IA,75638
688,Nicko,Haliburton,+62 (307) 297-6105,nhaliburtonj3@slideshare.net,448 Basil,Pondokdalem,IN,75695
689,Vinny,McAneny,+55 (949) 796-6068,vmcanenyj4@rakuten.co.jp,450 Northport,Riolândia,ID,28168
690,Charis,Seagar,+51 (615) 671-2616,cseagarj5@usnews.com,196 Holmberg,Végueta,CA,53543
691,Lucina,Tillard,+1 (767) 328-0923,ltillardj6@blog.com,35 Express,San Andros,TN,16116
692,Carlina,Defrain,+52 (638) 365-0790,cdefrainj7@mashable.com,297 Brentwood,Cuauhtemoc,OR,48993
693,Ginnifer,Stubbs,+54 (201) 227-1808,gstubbsj8@mysql.com,981 Carberry,Puerta de Corral Quemado,WA,12199
694,Brook,McVrone,+420 (846) 394-0343,bmcvronej9@whitehouse.gov,99290 Golf Course,Batelov,IA,96614
695,Garrek,Nevison,+381 (799) 362-1097,gnevisonja@wp.com,185 Riverside,Draginje,IL,86139
696,Quinlan,Ivanilov,+48 (856) 125-0272,qivanilovjb@home.pl,65 Elka,Przybyszówka,IL,56347
697,Emelda,Askin,+86 (860) 453-5452,easkinjc@nydailynews.com,6581 Holmberg,Xinzhu,IN,60527
698,Dorrie,Asmus,+81 (991) 616-5467,dasmusjd@oracle.com,515 Troy,Yorii,MN,97775
699,Keir,Scammonden,+7 (838) 431-1585,kscammondenje@baidu.com,73 Maple,Strizhi,QC,11627
700,Tressa,Drage,+962 (686) 459-1466,tdragejf@kickstarter.com,76 Kennedy,Mafraq,CT,18311
701,Elinor,Rockhill,+351 (890) 491-5461,erockhilljg@sbwire.com,1 Declaration,Rio de Moinhos,CAN,16628
702,Chloe,Tranmer,+82 (689) 493-7340,ctranmerjh@ameblo.jp,397 Farragut,Hanam,PU,98910
703,Adolf,Mabbutt,+374 (515) 545-4652,amabbuttji@cpanel.net,91520 Kropf,Varser,MB,76724
704,Vincents,Haine,+95 (815) 242-0424,vhainejj@cbc.ca,8855 Kings,Pyin Oo Lwin,MEX,14621
705,Isidore,Nucator,+27 (366) 570-6427,inucatorjk@furl.net,72237 Elka,Elliot,MS,99290
706,Shell,Mowsdale,+375 (874) 776-8243,smowsdalejl@seesaa.net,5883 Gale,Drybin,NH,19299
707,Sarina,Petr,+86 (391) 595-0989,spetrjm@discuz.net,63 Gale,Caotang,CO,60919
708,Thorndike,Ziemsen,+994 (304) 756-7505,tziemsenjn@comcast.net,4171 Stoughton,Yelenendorf,CT,56299
709,Wally,Hurdis,+81 (314) 540-2971,whurdisjo@tuttocitta.it,34 Thackeray,Ichinomiya,UT,75516
710,Amata,De Bischop,+359 (587) 555-9288,adebischopjp@reddit.com,30 South,Dimitrovgrad,VM,53621
711,Sonia,Mellers,+241 (380) 316-1524,smellersjq@telegraph.co.uk,6 Lakeland,Oyem,NV,53475
712,Troy,Romayn,+55 (133) 314-1548,tromaynjr@whitehouse.gov,6 Commercial,Ivoti,NY,23506
713,Octavia,Messingham,+967 (625) 818-6081,omessinghamjs@clickbank.net,1490 Anthes,Sa'dah,WI,40148
714,Melba,Schleicher,+7 (948) 509-4506,mschleicherjt@dot.gov,224 Pond,Kuvshinovo,IL,93820
715,Bonnee,Trathan,+48 (294) 417-5714,btrathanju@indiegogo.com,0 Johnson,Wolin,NV,98563
716,Dorotea,Gammage,+86 (119) 513-0758,dgammagejv@clickbank.net,8975 Lien,Yong’an,IL,11585
717,Binny,Moorrud,+856 (665) 245-6051,bmoorrudjw@ucoz.ru,7 Steensland,Muang Phôn-Hông,IA,66529
718,Bobette,Cadlock,+63 (484) 774-5517,bcadlockjx@liveinternet.ru,2969 Declaration,San Isidro,IL,57468
719,Johannah,Dukesbury,+7 (507) 908-9417,jdukesburyjy@google.co.jp,843 Scofield,Burunday,OR,60256
720,Berny,Serrell,+55 (300) 552-8425,bserrelljz@columbia.edu,0 Warbler,Alegrete,AK,51521
721,Hazel,Myner,+63 (649) 311-8254,hmynerk0@multiply.com,32 5th,Paitan Este,HI,63686
722,Dolores,Skures,+55 (448) 831-0592,dskuresk1@w3.org,4 Harbort,Lençóis Paulista,AL,77618
723,Hubert,Finker,+34 (875) 456-5082,hfinkerk2@about.com,9 Ilene,Donostia-San Sebastian,NY,31571
724,Archy,Guillford,+60 (998) 924-1542,aguillfordk3@zimbio.com,41 Arapahoe,Melaka,AL,28990
725,Homere,Weddup,+86 (906) 341-3397,hweddupk4@wisc.edu,32 Cottonwood,Gaojialing,MT,89047
726,Rafa,Carryer,+57 (285) 381-1221,rcarryerk5@noaa.gov,264 Marquette,Pueblo Nuevo,KY,52812
727,Veronike,Grimsley,+970 (307) 461-2309,vgrimsleyk6@diigo.com,94713 Northwestern,Faḩmah,CA,88637
728,Francois,Gaudin,+1 (202) 198-4260,fgaudink7@mapy.cz,2369 Maywood,Washington,TX,53127
729,Valentia,Zaniolo,+48 (151) 675-8388,vzaniolok8@narod.ru,80 Almo,Żabia Wola,TN,40633
730,Gena,Drummond,+62 (294) 517-8306,gdrummondk9@fda.gov,86 Mosinee,Pulau Tiga,OR,78555
731,Ralina,Tant,+86 (881) 698-0138,rtantka@jiathis.com,71 Sage,Wuyang,AL,53325
732,Augy,Siggery,+380 (609) 518-8500,asiggerykb@theatlantic.com,62653 Knutson,Lityn,UT,33001
733,Jewell,Pickup,+7 (921) 348-1855,jpickupkc@hubpages.com,26 Barnett,Nagornyy,VT,41583
734,Alistair,Trowill,+81 (268) 844-7536,atrowillkd@fc2.com,96 Garrison,Maebashi-shi,NV,83641
735,Linn,Creany,+57 (469) 297-3961,lcreanyke@4shared.com,403 Morning,La Tebaida,OR,51591
736,Chico,Martschik,+7 (745) 498-7388,cmartschikkf@usnews.com,8 Waywood,Nerekhta,PA,31102
737,Baldwin,Brecknock,+967 (103) 648-9482,bbrecknockkg@netscape.com,9 Steensland,Zakhim,CT,74951
738,Kirk,Fuentes,+381 (718) 341-3357,kfuenteskh@apache.org,93054 Truax,Perlez,NJ,26430
739,Willdon,Matteoli,+63 (686) 767-8695,wmatteoliki@discuz.net,39 Thompson,Liloy,PA,91635
740,Noe,Salery,+55 (101) 698-0222,nsalerykj@gravatar.com,43257 Aberg,Picos,NY,35252
741,Luella,Burchnall,+48 (626) 462-4601,lburchnallkk@cbsnews.com,76265 Thompson,Wielki Kack,AL,88680
742,Ana,Heeney,+236 (550) 530-0980,aheeneykl@rambler.ru,77 Northfield,Obo,AL,18585
743,Blinni,Tibbotts,+358 (237) 984-0744,btibbottskm@reuters.com,2678 Garrison,Kivijärvi,CO,55433
744,Ward,Snoxill,+86 (938) 831-6083,wsnoxillkn@ifeng.com,5 Wayridge,Tangban,MN,56715
745,Filmer,Skeldinge,+62 (273) 511-5791,fskeldingeko@networksolutions.com,78282 Novick,Sembalunbumbung,CA,66474
746,Gretal,Colleford,+98 (566) 493-7313,gcollefordkp@youtube.com,99223 Shopko,Khvānsār,PA,72718
747,Nigel,Baird,+507 (707) 637-9023,nbairdkq@sourceforge.net,36353 North,Las Minas,WA,72226
748,Silvano,Duffitt,+7 (535) 954-1291,sduffittkr@hubpages.com,53 Mayfield,Mizur,WA,61534
749,Susi,Comiskey,+380 (629) 160-0730,scomiskeyks@ted.com,96 American Ash,Varva,OR,16442
750,Bari,Howson,+86 (228) 638-0217,bhowsonkt@163.com,68 Ruskin,Xintun,UT,63058
751,Erl,D'Antoni,+7 (756) 695-3570,edantoniku@squarespace.com,79430 Westerfield,Novonikol’sk,CA,29601
752,Aloisia,Nutbeam,+48 (826) 368-7048,anutbeamkv@techcrunch.com,15 Rusk,Trzcinica,TX,71820
753,Jenine,Grisley,+63 (578) 277-6439,jgrisleykw@elegantthemes.com,91 Derek,Domalanoan,TN,23438
754,Ronna,Welds,+46 (377) 245-8622,rweldskx@abc.net.au,5 Upham,Nyköping,KT,13158
755,Kendall,McPherson,+237 (174) 334-3492,kmcphersonky@telegraph.co.uk,700 School,Melong,DC,43664
756,Maighdiln,Brownsell,+84 (243) 141-8713,mbrownsellkz@ustream.tv,299 Florence,Giemdiem,IA,83305
757,Flo,Bagg,+46 (271) 545-7137,fbaggl0@china.com.cn,0 Bartillon,Onsala,KT,67849
758,Theresina,Leber,+7 (508) 949-2709,tleberl1@gravatar.com,7339 Melvin,Ridder,NW,41663
759,Harriette,Coupman,+86 (409) 743-9350,hcoupmanl2@utexas.edu,69 Harbort,Deshan,SD,70063
760,Viki,Ludlom,+49 (685) 167-8046,vludloml3@eepurl.com,1428 Dapin,Reutlingen,ND,59870
761,Calli,Molloy,+256 (960) 656-6645,cmolloyl4@instagram.com,2843 Lawn,Paidha,TX,57675
762,Alidia,Fleet,+47 (101) 616-7072,afleetl5@yale.edu,46 Sunnyside,Skien,HI,37525
763,Silas,Borchardt,+36 (197) 339-3904,sborchardtl6@desdev.cn,54 Melody,Dunaújváros,SD,26397
764,Demetria,Reihm,+507 (828) 331-6990,dreihml7@si.edu,33535 Di Loreto,Almirante,AL,20405
765,Lezley,Elliman,+86 (690) 194-5970,lellimanl8@go.com,3616 Fisk,Guanting,SC,29187
766,Grete,Pack,+63 (329) 339-7998,gpackl9@webmd.com,6 Pearson,Daykitin,NJ,69063
767,Lyndsie,Daley,+46 (441) 342-0064,ldaleyla@fastcompany.com,401 Melrose,Södra Sandby,CA,42024
768,Gillian,Croxford,+52 (909) 887-4768,gcroxfordlb@washingtonpost.com,3770 Briar Crest,Chapultepec,CO,91405
769,Fitzgerald,Hane,+20 (651) 516-6499,fhanelc@huffingtonpost.com,3500 Nevada,Aş Şaff,WA,27649
770,Lynett,Semark,+86 (524) 538-1120,lsemarkld@ftc.gov,4 Dixon,Caicun,WA,52734
771,Bill,Whatson,+86 (648) 156-0385,bwhatsonle@w3.org,0 Fairfield,Lidun,OR,70798
772,Bartholomeus,Rikel,+86 (884) 558-1069,brikellf@sitemeter.com,29 Reindahl,Renliu,UT,54008
773,Burk,Ivanchov,+86 (796) 450-5168,bivanchovlg@hibu.com,1678 Green,Caqu,IN,43627
774,Sibyl,Josland,+254 (469) 914-6186,sjoslandlh@seesaa.net,97 Garrison,Pumwani,TX,27042
775,Crosby,Arnet,+62 (370) 325-7165,carnetli@nature.com,42 Kipling,Rawasan,TN,36903
776,Ole,Lowdes,+48 (676) 551-7693,olowdeslj@cocolog-nifty.com,0 Morrow,Zielonki,KY,19453
777,Bobbette,Miall,+86 (662) 736-5468,bmialllk@techcrunch.com,21103 Schmedeman,Daohe,MT,65865
778,Ford,Hurdis,+86 (993) 432-2234,fhurdisll@buzzfeed.com,4 Michigan,Zhize,CA,94680
779,Mayne,Druitt,+976 (631) 901-4788,mdruittlm@oakley.com,183 Logan,Ulaandel,NV,61469
780,Susi,Dorian,+420 (836) 271-4876,sdorianln@hhs.gov,996 Superior,Topolná,ID,74646
781,Wyatan,Lackemann,+353 (389) 319-9411,wlackemannlo@ow.ly,0 Carioca,Donnybrook,KS,43678
782,Carter,Gittose,+352 (733) 103-2413,cgittoselp@unblog.fr,9078 Summerview,Schifflange,TX,81435
783,Nanice,Copes,+7 (567) 620-4496,ncopeslq@livejournal.com,4164 Pawling,Sal’sk,CO,93317
784,Raine,Oblein,+92 (510) 349-1358,robleinlr@toplist.cz,34953 Rigney,Islāmkot,NM,24243
785,Sybille,Slot,+92 (825) 623-2023,sslotls@sbwire.com,5135 Truax,Rāiwind,ND,40949
786,Daren,Gorhardt,+966 (475) 173-6805,dgorhardtlt@phoca.cz,3 Darwin,Julayjilah,TX,52065
787,Tabor,Bangiard,+993 (185) 922-6897,tbangiardlu@smugmug.com,84475 Fulton,Serhetabat,HI,33681
788,Toni,Hinken,+385 (336) 986-9484,thinkenlv@comsenz.com,82 Park Meadow,Nijemci,SD,43897
789,Jorey,Giorgio,+33 (896) 652-3527,jgiorgiolw@godaddy.com,6 Mcbride,Bry-sur-Marne,AL,91100
790,Margarete,Cullrford,+216 (445) 898-1685,mcullrfordlx@fc2.com,3862 Parkside,Al Mazzūnah,SC,96056
791,Gordy,Petzold,+63 (293) 501-0239,gpetzoldly@ucsd.edu,425 Vidon,Paoay,NC,56824
792,Darb,Latham,+48 (604) 974-9727,dlathamlz@seattletimes.com,53 Dwight,Winnica,NC,32279
793,Edi,Atlay,+7 (175) 141-5725,eatlaym0@cam.ac.uk,6656 Fulton,Volzhsk,AK,34170
794,Kipp,Milillo,+351 (691) 408-3672,kmilillom1@weibo.com,6757 Melody,A dos Cunhados,AZ,52681
795,Carole,Towriss,+66 (422) 283-0654,ctowrissm2@trellian.com,8 1st,Saba Yoi,AK,99482
796,Mychal,Colten,+1 (723) 503-3221,mcoltenm3@odnoklassniki.ru,80569 Daystar,The Valley,MS,70668
797,Harper,Strowger,+1 (249) 823-3687,hstrowgerm4@typepad.com,5224 Fairview,Sainte-Adèle,AL,89251
798,Serena,Fort,+86 (655) 948-1915,sfortm5@ow.ly,1900 Maywood,Xixi,MT,45372
799,Burt,Keinrat,+44 (610) 654-6625,bkeinratm6@shareasale.com,7 Glacier Hill,Horton,KY,60785
800,Fay,De Mitris,+54 (107) 345-7299,fdemitrism7@mapquest.com,34 Anderson,Alta Gracia,CA,97693
801,Aloysius,Kief,+93 (478) 744-3573,akiefm8@aol.com,994 Quincy,Taloqan,TX,95761
802,Jemima,Vurley,+351 (156) 544-0866,jvurleym9@example.com,740 Fairfield,Nashville,TN,81944
803,Caroline,Prestland,+84 (684) 294-0964,cprestlandma@cocolog-nifty.com,0 Debs,Bend,OR,23420
804,Carlee,Ruprich,+86 (930) 285-5692,cruprichmb@census.gov,314 Reinke,Maojiagang,AL,49570
805,Raoul,Wigglesworth,+372 (315) 161-8923,rwigglesworthmc@disqus.com,58 Maryland,Viljandi,UT,26649
806,Arty,Orthmann,+33 (621) 776-8085,aorthmannmd@jalbum.net,28071 Vahlen,Rennes,VT,67933
807,Tarra,Chasmor,+81 (791) 659-5400,tchasmorme@mtv.com,78 Garrison,Las Vegas,NV,73594
808,Justino,Beatson,+55 (208) 841-6849,jbeatsonmf@loc.gov,945 Loomis,Frederico Westphalen,OR,47638
809,Rosita,Djurisic,+1 (270) 554-5009,rdjurisicmg@elegantthemes.com,24278 North,Otterburn Park,PA,54841
810,Lonnard,Coulthard,+62 (587) 420-8691,lcoulthardmh@aol.com,22750 Larry,Pasirhuni,CT,27943
811,Aggy,Fruchter,+86 (820) 122-1864,afruchtermi@mayoclinic.com,28 Colorado,Lidong,NJ,13031
812,Eadmund,Doumerc,+386 (845) 369-5480,edoumercmj@apache.org,5 Kennedy,Ljutomer,PA,97447
813,Camille,Leven,+46 (307) 249-7740,clevenmk@1und1.de,9 Elka,Sundbyberg,NY,95135
814,Lorens,Flement,+86 (687) 881-4440,lflementml@canalblog.com,97 Clyde Gallagher,Yongdong,AL,38654
815,Iggy,Petteford,+48 (538) 833-0370,ipettefordmm@ucsd.edu,76468 John Wall,Rapid City,SD,36513
816,Lesli,Keel,+48 (102) 270-3631,lkeelmn@spiegel.de,24237 Florence,Czerwin,ND,73834
817,Wakefield,Pointon,+48 (746) 985-1792,wpointonmo@weebly.com,390 Sloan,Karsin,TX,90098
818,Lilllie,Steedman,+1 (411) 724-2941,lsteedmanmp@tripod.com,652 Darwin,Blainville,HI,44792
819,Delinda,Gernier,+33 (561) 941-6758,dgerniermq@spotify.com,2 Sullivan,Rapid City,SD,42050
820,Prentiss,Tomkowicz,+55 (720) 507-6677,ptomkowiczmr@buzzfeed.com,9601 Fuller,Passos,AL,36232
821,Dmitri,Dagon,+386 (966) 111-6095,ddagonms@nih.gov,376 Troy,Charlotte,SC,73730
822,Sansone,Shewry,+62 (819) 309-5359,sshewrymt@amazon.de,73 Beilfuss,Manglid,NJ,83022
823,Laureen,Longega,+86 (985) 956-3778,llongegamu@printfriendly.com,5351 Nancy,Long Beach,CA,11405
824,Kora,Houldey,+86 (478) 837-3354,khouldeymv@rambler.ru,2262 Redwing,Nantang,CO,28941
825,Kelvin,Perle,+46 (138) 779-0487,kperlemw@imageshack.us,542 Texas,Seattle,WA,72403
826,Vilhelmina,MacGiany,+55 (478) 575-6474,vmacgianymx@51.la,7862 West,Tacoma,WA,49612
827,Abbot,Jurczyk,+30 (364) 152-1801,ajurczykmy@google.com,57 Vidon,Astoria,OR,96081
828,Xaviera,Gormley,+234 (661) 233-1653,xgormleymz@japanpost.jp,3607 Cherokee,Mohab,UT,89295
829,Carin,Lupton,+380 (235) 936-8618,cluptonn0@state.gov,37 Grayhawk,Indianapolis,IN,78784
830,Malchy,Quadling,+351 (389) 865-7866,mquadlingn1@goo.gl,8 Granby,Houston,TX,26250
831,Dinah,Nowell,+64 (961) 717-6350,dnowelln2@ucoz.ru,327 Vernon,Burnham,TN,65615
832,Valera,O'Dee,+7 (516) 277-8993,vodeen3@ameblo.jp,214 Sloan,Monino,KY,59578
833,Saul,Crush,+374 (770) 890-9486,scrushn4@moonfruit.com,8219 Browning,Hovtamej,MT,86432
834,Cathryn,McConachie,+54 (886) 687-0536,cmcconachien5@miibeian.gov.cn,8575 7th,Fresno,CA,11996
835,Demetre,Orton,+222 (331) 513-2493,dortonn6@ted.com,8 Hallows,Las Vegas,NV,70181
836,Waring,Gerred,+251 (360) 977-8408,wgerredn7@bing.com,21451 Sachtjen,Rapid City,SD,74479
837,Joey,Biagini,+355 (509) 823-1816,jbiaginin8@slashdot.org,72 Parkside,Armen,ND,61186
838,Amargo,Fryatt,+7 (247) 413-8058,afryattn9@t.co,14126 Talisman,Yefremov,TX,91936
839,Gerry,Bonnefin,+1 (893) 137-7942,gbonnefinna@yandex.ru,31 Lukken,Honolulu,HI,45517
840,Charla,Wellbank,+963 (490) 752-8255,cwellbanknb@ycombinator.com,83989 Springs,Rapid City,SD,77539
841,Fred,Brantl,+1 (950) 213-5776,fbrantlnc@ucsd.edu,45 Carberry,Charlestown,AL,77253
842,Berni,Dane,+54 (146) 953-2482,bdanend@tinyurl.com,6068 Mariners Cove,Pozo Hondo,SC,55197
843,Licha,Stelljes,+48 (789) 103-2528,lstelljesne@tmall.com,445 Parkside,Piasek,NJ,55844
844,Kaylyn,Yakhin,+380 (303) 915-2195,kyakhinnf@godaddy.com,7 Caliangt,Lebedyn,CA,18633
845,Deeanne,Pryde,+62 (810) 480-9398,dprydeng@scientificamerican.com,90 Ronald Regan,Colorado Springs,CO,48156
846,Matty,McMorran,+86 (683) 626-5706,mmcmorrannh@mozilla.org,25857 Superior,Walawala,WA,17450
847,Yovonnda,Sirmond,+505 (764) 489-6807,ysirmondni@va.gov,6830 Onsgard,Masachapa,WA,50861
848,Midge,Hanbury-Brown,+49 (167) 238-4621,mhanburybrownnj@eventbrite.com,417 Spohn,Aachen,OR,67664
849,Riccardo,Danat,+92 (150) 417-0729,rdanatnk@123-reg.co.uk,39476 Meadow Vale,Hāla,HI,38217
850,Garek,MacDowall,+359 (919) 889-6544,gmacdowallnl@jiathis.com,40263 Tennessee,Lakatnik,SD,28184
851,Gery,Coventry,+351 (435) 991-2891,gcoventrynm@comsenz.com,7 Crescent Oaks,Tojeira,AL,46511
852,Donovan,Blunt,+48 (231) 283-2081,dbluntnn@amazon.co.uk,341 Glendale,Skarbimierz Osiedle,SC,44511
853,Turner,Petch,+86 (305) 170-1081,tpetchno@elpais.com,7510 Southridge,Guandi,NJ,57662
854,Dorothee,Hardistry,+420 (206) 812-4063,dhardistrynp@fc2.com,57425 Calypso,Chlumčany,CA,43010
855,Jillayne,Langston,+62 (480) 434-0242,jlangstonnq@newyorker.com,81 Merry,Panoongan,CO,71757
856,Rochella,Blaisdale,+359 (205) 472-1594,rblaisdalenr@goodreads.com,7 Forest Dale,Kilifarevo,WA,34856
857,Wendell,Banks,+62 (101) 877-7292,wbanksns@phoca.cz,2 Caliangt,Kumai,NJ,66400
858,Reggis,Hesse,+33 (221) 708-3333,rhessent@posterous.com,25575 Armistice,Landerneau,CA,81538
859,Corny,Morican,+504 (374) 805-2576,cmoricannu@globo.com,451 Oak,San José de Río Tinto,CO,41737
860,Tammy,Berzons,+46 (884) 324-7038,tberzonsnv@sohu.com,5280 Namekagon,Täby,WA,37381
861,Lexie,Le Huquet,+86 (631) 185-2461,llehuquetnw@hibu.com,5907 Delladonna,Maoping,HI,94156
862,Kiel,Hanaby,+355 (876) 876-0085,khanabynx@creativecommons.org,22311 Carey,Vreshtas,SD,53051
863,Brade,Atmore,+358 (930) 680-8256,batmoreny@drupal.org,5 Crescent Oaks,Ranua,AL,15948
864,Rickey,Edmeads,+261 (485) 724-8824,redmeadsnz@deliciousdays.com,1 Carioca,Antalaha,SC,58730
865,Sarena,Le Jean,+420 (598) 433-8949,slejeano0@mtv.com,463 Pearson,Louny,NJ,13196
866,Forrester,Ribchester,+93 (886) 833-5717,fribchestero1@example.com,4841 Gerald,Kalān Deh,CA,76922
867,Kiah,Lovegrove,+48 (183) 365-3251,klovegroveo2@prnewswire.com,5 South,Uherce Mineralne,CO,51724
868,Kaitlin,Caley,+242 (516) 813-7219,kcaleyo3@hibu.com,942 Chinook,Kalemie,WA,99164
869,Annabela,McGowran,+86 (188) 611-3473,amcgowrano4@marriott.com,135 Nevada,Huangfang,GA,92994
870,Colly,Sikora,+216 (871) 805-3479,csikorao5@zdnet.com,4480 Hallows,Majāz al Bāb,AL,67333
871,Amitie,Brooksbank,+86 (556) 162-7606,abrooksbanko6@nifty.com,136 Colorado,Shangpai,SC,90010
872,Kinnie,Wardhaw,+86 (856) 604-6187,kwardhawo7@hhs.gov,81 Lukken,Tangkeng,NC,86621
873,Blanche,Pikett,+51 (715) 960-1640,bpiketto8@opera.com,15 Springview,Cabanilla,NC,84515
874,Corty,Bidewell,+1 (872) 323-8514,cbidewello9@php.net,207 Green,Saint-Lin-Laurentides,AK,88974
875,Janetta,Lowin,+86 (910) 571-7723,jlowinoa@t.co,8 Lyons,Zengji,AZ,76800
876,Jamie,Poinsett,+63 (615) 417-9699,jpoinsettob@livejournal.com,14 Pierstorff,Unidos,AK,21824
877,Zsazsa,Sillis,+880 (786) 426-2174,zsillisoc@redcross.org,9281 Buell,Bhāndāria,MS,20236
878,Rosina,Abramsky,+593 (284) 846-9155,rabramskyod@japanpost.jp,54 Vera,El Triunfo,IA,47822
879,Celine,Sleford,+86 (182) 603-6851,cslefordoe@cdc.gov,18 Pankratz,Bacun,MN,37193
880,Willard,Piwell,+86 (944) 890-2319,wpiwellof@booking.com,3 Park Meadow,Huangyuan Chengguanzhen,CA,30989
881,Carl,Van der Spohr,+86 (525) 617-1975,cvanderspohrog@eventbrite.com,2 Sommers,Haizhouwobao,CO,28339
882,Marcelline,Cadreman,+420 (319) 646-4352,mcadremanoh@istockphoto.com,67 Ryan,Pustá Polom,CA,78698
883,Willy,O'Hartnett,+33 (546) 703-0424,wohartnettoi@nifty.com,36866 Holmberg,Limeil-Brévannes,IL,60404
884,Evin,Itzhayek,+86 (486) 733-2537,eitzhayekoj@google.ru,56769 Johnson,Jiulong,SC,81291
885,Penn,Aubery,+966 (360) 416-0579,pauberyok@accuweather.com,2 Vera,Rābigh,AL,85817
886,Berty,Francesch,+33 (271) 910-5980,bfranceschol@hexun.com,87316 Sycamore,Aubervilliers,MN,88851
887,Marnie,Polson,+94 (684) 690-8123,mpolsonom@netlog.com,68 Dayton,Vavuniya,WI,26521
888,Abigail,Hyam,+62 (749) 814-0523,ahyamon@google.es,53 Moose,Nilanapo,MN,19118
889,Rogerio,Walak,+7 (806) 332-2422,rwalakoo@opensource.org,56 Union,Centralniy,ND,39661
890,Phip,Cirlos,+385 (711) 987-9175,pcirlosop@google.nl,4020 Loeprich,Plaški,SD,42482
891,Florie,Dressell,+372 (949) 824-8825,fdresselloq@marriott.com,290 Kingsford,Tartu,SD,78100
892,Curtice,Abela,+46 (447) 158-7527,cabelaor@simplemachines.org,6 Hanover,Tyresö,ND,81548
893,Merline,Mion,+251 (844) 109-8913,mmionos@php.net,4100 Del Sol,Gebre Guracha,TX,62849
894,Erna,Weight,+33 (947) 422-8172,eweightot@furl.net,97 Crowley,Lens,HI,33804
895,Paulita,Hamley,+351 (114) 647-2011,phamleyou@ifeng.com,4 Arapahoe,Sebadelhe,SD,64882
896,Tobit,Laborda,+86 (471) 605-7443,tlabordaov@yahoo.com,2 Milwaukee,Wuli,AL,46445
897,Terencio,Parsonson,+234 (240) 115-0030,tparsonsonow@t.co,8 Sommers,Uruobo-Okija,SC,32060
898,Edie,Belward,+62 (908) 799-6125,ebelwardox@angelfire.com,29 Hoffman,Dukuhsawah,NC,39606
899,Maddie,Verheijden,+30 (272) 600-1074,mverheijdenoy@devhub.com,4483 Paget,Kými,NC,19696
900,Dniren,Bjorkan,+1 (376) 548-1259,dbjorkanoz@thetimes.co.uk,887 Everett,Little Current,AK,20044
901,Pyotr,Morey,+33 (130) 680-7226,pmoreyp0@xinhuanet.com,45574 Miller,Niort,AZ,79941
902,Bryan,Szymanski,+62 (393) 135-4145,bszymanskip1@msn.com,8837 Goodland,Wairinding,AK,71303
903,Dorita,Manlow,+86 (276) 378-9444,dmanlowp2@baidu.com,2 Melby,Huangbu,MS,24523
904,Parker,Ginity,+1 (376) 574-3216,pginityp3@patch.com,7398 Troy,Laventille,IA,72917
905,Delbert,Jacobowicz,+86 (448) 509-4316,djacobowiczp4@samsung.com,94 Hoffman,Xingang,MN,20875
906,Tyson,Meckiff,+86 (974) 435-7104,tmeckiffp5@weebly.com,55 South,Poxi,WI,87407
907,Ondrea,Frain,+86 (332) 623-0677,ofrainp6@apache.org,360 Loeprich,Meixi,WA,77451
908,Mort,Butland,+7 (583) 969-9800,mbutlandp7@si.edu,737 Little Fleur,Inya,WA,19607
909,Ashlin,Widmore,+55 (459) 601-3116,awidmorep8@sohu.com,65476 Straubel,Panambi,OR,83596
910,Muriel,Studeart,+996 (271) 688-3310,mstudeartp9@networkadvertising.org,8831 Pennsylvania,At-Bashi,UT,95580
911,Quentin,Duchateau,+54 (943) 926-9972,qduchateaupa@youtu.be,3 Pennsylvania,Rojas,CA,88948
912,Alfie,Goozee,+81 (196) 403-1834,agoozeepb@wufoo.com,15 Clyde Gallagher,Masuda,TX,70559
913,Barny,Loud,+49 (113) 145-7860,bloudpc@ameblo.jp,175 Sycamore,Hamburg Winterhude,TN,19303
914,Cyril,Towhey,+48 (495) 928-5754,ctowheypd@digg.com,1889 Londonderry,Bachowice,KT,57208
915,Melisandra,Darkott,+49 (271) 709-2345,mdarkottpe@theguardian.com,2158 School,Kiel,DC,18208
916,Jeramey,Hurley,+1 (667) 812-2960,jhurleypf@bing.com,5501 Thackeray,Lanigan,IA,33431
917,Margot,Thurley,+46 (538) 563-2498,mthurleypg@bandcamp.com,3 Lotheville,Karlskoga,KT,57542
918,Clare,Blees,+55 (687) 891-8211,cbleesph@bbc.co.uk,4323 Kedzie,Rio Grande da Serra,NW,52447
919,Clare,Surridge,+52 (966) 426-5145,csurridgepi@thetimes.co.uk,469 Mifflin,La Esperanza,SD,73588
920,Merill,Bagby,+62 (327) 112-0136,mbagbypj@senate.gov,8145 Helena,Mulandoro,ND,57838
921,Gerianna,Druitt,+63 (103) 159-9477,gdruittpk@yahoo.co.jp,307 Maywood,Ronda,TX,78436
922,Bartholemy,Mandrier,+63 (376) 583-3428,bmandrierpl@yale.edu,8 Sugar,Minuyan,HI,85116
923,Inna,Hudleston,+33 (893) 123-7440,ihudlestonpm@addthis.com,64838 Hooker,Nice,SD,96485
924,Guillema,Dreus,+55 (476) 253-0022,gdreuspn@jalbum.net,445 Warner,Cascavel,AL,40209
925,Alfonse,Isakov,+355 (466) 659-1546,aisakovpo@dion.ne.jp,89 Monument,Sult,SC,17212
926,Patrick,Reah,+1 (415) 944-5834,preahpp@stumbleupon.com,31 Sunnyside,Abbotsford,NC,48453
927,Bunnie,Glawsop,+1 (547) 641-3894,bglawsoppq@ycombinator.com,6 Bluejay,Albanel,NC,89358
928,Zacharias,O'Dogherty,+675 (829) 250-8470,zodoghertypr@amazon.com,7 Mallard,Tari,AK,89427
929,Estrellita,Walworche,+48 (510) 771-9438,ewalworcheps@unblog.fr,32345 Mcbride,Sypniewo,AZ,95673
930,Cyrillus,Suttill,+86 (750) 835-4750,csuttillpt@oracle.com,2 Talisman,Xianyuan,AK,67446
931,Philomena,Hetterich,+63 (441) 887-5813,phetterichpu@mlb.com,68 Carberry,Damawato,MS,81748
932,Kori,Tremolieres,+62 (314) 784-5985,ktremolierespv@t.co,6789 Texas,Umbuldamar,MI,84895
933,Shauna,Dibdale,+62 (266) 649-0799,sdibdalepw@ox.ac.uk,442 Eagle Crest,Sukorambi,AZ,24060
934,Grannie,Fowkes,+86 (846) 989-8708,gfowkespx@rambler.ru,911 Ryan,Yujiawu,PUE,93138
935,Ki,Courteney,+351 (208) 619-5706,kcourteneypy@typepad.com,1 Gina,Castelo,MT,18087
936,Herculie,Luggar,+420 (685) 555-7569,hluggarpz@weather.com,6196 Troy,Albrechtice,WA,77412
937,Ozzy,Dormand,+62 (353) 131-4426,odormandq0@alibaba.com,78559 Spenser,Plereyan,WA,16329
938,Goraud,Rudledge,+33 (559) 106-4625,grudledgeq1@paginegialle.it,86663 South,Nogent-le-Rotrou,OR,59477
939,Curtice,Coutthart,+63 (712) 318-2262,ccoutthartq2@state.gov,887 Village,Acao,LA,57463
940,Sammy,Eagar,+63 (288) 861-4530,seagarq3@microsoft.com,1336 Upham,Guyam Malaki,AB,95681
941,Aubine,Kender,+1 (909) 813-3365,akenderq4@typepad.com,5 Commercial,Miramichi,NC,87139
942,Barbara-anne,Bonnick,+48 (645) 634-0623,bbonnickq5@dagondesign.com,23 Huxley,Cisiec,OR,14333
943,Melisse,Tramel,+62 (985) 613-8092,mtramelq6@cargocollective.com,7 Parkside,Sasa,PRK,83947
944,Sloan,McCorley,+48 (177) 273-7584,smccorleyq7@odnoklassniki.ru,952 Grasskamp,Komorów,MI,19822
945,Gisela,Jellis,+63 (313) 281-8646,gjellisq8@seesaa.net,8144 Arizona,Dobdoban,MI,32219
946,Reidar,Leyes,+216 (899) 118-4563,rleyesq9@howstuffworks.com,24909 Sauthoff,La Goulette,CO,95461
947,Ailyn,Dellenbach,+84 (532) 171-6915,adellenbachqa@surveymonkey.com,486 Moulton,Phong Điền,CA,86540
948,Dallon,Durdle,+63 (246) 599-4151,ddurdleqb@opera.com,143 Delladonna,Aanislag,FL,48192
949,Zia,Bevens,+55 (102) 241-3577,zbevensqc@answers.com,436 Marcy,Amargosa,IA,80278
950,Sherwynd,Hakeworth,+86 (931) 250-8001,shakeworthqd@prweb.com,35 Comanche,Tayuan,MN,17403
951,Christy,Wisher,+82 (882) 473-5985,cwisherqe@yellowpages.com,34398 Golf View,Yanggu,WI,86014
952,Nellie,Navarre,+47 (764) 609-5160,nnavarreqf@ucsd.edu,339 Farragut,Sarpsborg,WA,21596
953,Wilt,Bassindale,+86 (938) 775-9393,wbassindaleqg@nymag.com,1817 Harbort,Duanjia,WA,79159
954,Leshia,Airds,+48 (129) 149-6993,lairdsqh@illinois.edu,26 Moland,Gnojnik,OR,84875
955,Mordecai,Farnell,+380 (947) 911-3811,mfarnellqi@chron.com,4 Lien,Chervonohryhorivka,UT,17531
956,Juana,Feldstern,+351 (802) 349-2566,jfeldsternqj@ebay.co.uk,3522 Norway Maple,Cortinhas,CA,16095
957,Dennie,Comberbach,+56 (173) 828-9874,dcomberbachqk@tripadvisor.com,32606 Dawn,Penco,TX,70255
958,Anissa,Gerge,+63 (227) 386-9021,agergeql@merriam-webster.com,86 Mesta,Palompon,TN,80859
959,Karlotte,Lacheze,+1 (274) 933-7621,klachezeqm@com.com,889 Bayside,Windsor,KT,63368
960,Janina,Beynke,+242 (435) 602-3018,jbeynkeqn@merriam-webster.com,359 Loomis,Isiro,DC,18343
961,Cinda,Pudding,+62 (922) 201-6308,cpuddingqo@symantec.com,3346 Mariners Cove,Talok,IA,74359
962,Reade,Hanshaw,+86 (349) 816-5838,rhanshawqp@reuters.com,23 Mcbride,Gaoqiao,KT,96099
963,Willetta,Stoggell,+1 (698) 490-0952,wstoggellqq@a8.net,977 David,Killarney,NW,35566
964,Manda,Eades,+261 (491) 834-2066,meadesqr@slashdot.org,57547 Oxford,Vondrozo,NJ,61464
965,Jaye,Wellstood,+62 (394) 279-9333,jwellstoodqs@mozilla.org,8 Spaight,Maubasa,CA,58640
966,Desmond,Kirkman,+994 (325) 299-3042,dkirkmanqt@tiny.cc,7 Corry,Qabaqçöl,CO,57863
967,Bendick,Goodman,+63 (252) 745-7367,bgoodmanqu@alexa.com,6 Loomis,Ronda,WA,93344
968,Theresina,Nequest,+81 (483) 185-5490,tnequestqv@admin.ch,710 Forest Dale,Kawanishi,WA,25497
969,Lesley,Lanon,+1 (801) 148-4201,llanonqw@shinystat.com,980 Kennedy,Salt Lake City,OR,92841
970,Sarge,Polkinghorne,+82 (804) 979-6492,spolkinghorneqx@archive.org,2 Waywood,Changnyeong,UT,75617
971,Pippy,Hulle,+1 (702) 577-4570,phulleqy@prnewswire.com,13 Northfield,Las Vegas,IN,88465
972,Rickert,Hostan,+86 (418) 133-6980,rhostanqz@blinklist.com,98137 Corry,Huangling,TX,40993
973,Rosabel,Ashford,+86 (172) 365-5784,rashfordr0@facebook.com,72 Hayes,Mulong,TN,20916
974,Sterne,Olyonov,+47 (127) 108-6425,solyonovr1@accuweather.com,88670 Independence,Bergen,KY,33203
975,Margareta,Scheffler,+224 (137) 145-2226,mschefflerr2@hubpages.com,95 Mariners Cove,Dalaba,MT,13394
976,Martyn,Winborn,+351 (845) 160-8829,mwinbornr3@arizona.edu,2 American,Martinlongo,CA,62013
977,Tudor,Pabelik,+254 (416) 708-6643,tpabelikr4@skype.com,50 Sherman,Homa Bay,NV,27283
978,Gerek,Oram,+7 (421) 222-4087,goramr5@mail.ru,7 Kropf,Zavoronezhskoye,ID,60680
979,Rosalynd,Tarrant,+7 (939) 874-4569,rtarrantr6@booking.com,95613 Moland,Chagoda,KS,67743
980,Sam,Paxman,+55 (233) 680-1393,spaxmanr7@ask.com,1 Glacier Hill,São Pedro da Aldeia,TX,96558
981,Hollyanne,De Freyne,+1 (163) 231-2061,hdefreyner8@adobe.com,95 Scoville,Kerrobert,CO,14802
982,Joaquin,Padley,+98 (840) 383-2893,jpadleyr9@naver.com,98777 Maywood,Āq Qāyeh,NM,65002
983,Palmer,Clapp,+62 (787) 968-5607,pclappra@wordpress.com,94 Bunting,Sumbawa Besar,NB,96490
984,Karim,Zieme,+351 (758) 370-8442,kziemerb@tinypic.com,7708 Corben,Gouxaria,NC,36156
985,Jasmina,Ludovici,+7 (133) 954-8651,jludovicirc@aboutads.info,8706 Dottie,Davydovo,NC,40880
986,Fonzie,Garthland,+84 (453) 146-0744,fgarthlandrd@pbs.org,96857 Summer Ridge,Ea Drăng,AK,99099
987,Biddie,Minerdo,+7 (204) 486-6706,bminerdore@dyndns.org,77406 Saint Paul,Zelenogradsk,AZ,23433
988,Nanete,Shawyer,+7 (764) 939-1037,nshawyerrf@tuttocitta.it,44911 Delladonna,Zemlyansk,AK,97024
989,Perry,Payze,+51 (675) 664-3274,ppayzerg@xinhuanet.com,50891 Lotheville,Huanipaca,MS,22832
990,Othilia,Dumingo,+86 (637) 321-2470,odumingorh@flavors.me,98 Summer Ridge,Xiangrong,MI,47649
991,Enrique,Hellwich,+7 (383) 111-7423,ehellwichri@guardian.co.uk,26762 Schlimgen,Chernogorsk,AZ,34226
992,Verla,Koba,+52 (928) 121-3248,vkobarj@deliciousdays.com,2 Tennyson,Independencia,PUE,24279
993,Chev,Boyd,+62 (858) 792-2239,cboydrk@ehow.com,3163 East,Badung,MT,82353
994,Nelli,Concannon,+54 (929) 374-6262,nconcannonrl@netlog.com,212 Holy Cross,Federal,WA,31325
995,Ruperta,Graveney,+7 (983) 462-5665,rgraveneyrm@naver.com,4 Southridge,Embi,WA,87259
996,Elvyn,Capell,+420 (293) 746-6269,ecapellrn@free.fr,27474 Lukken,Sedlčany,OR,80175
997,Hilly,Chant,+7 (688) 279-5633,hchantro@springer.com,94070 Grayhawk,Chagoda,LA,73134
998,Arnaldo,Lundie,+46 (908) 106-2668,alundierp@boston.com,1 Hazelcrest,Tomteboda,AB,18119
999,Alena,Bigrigg,+86 (544) 428-2987,abigriggrq@baidu.com,4014 Shopko,Charleston,NC,85872
1000,Ansell,Meece,+381 (990) 733-2956,ameecerr@umn.edu,3 Blaine,Eugene,OR,88439
