1B,Flight Attendant,Donny,Behrendsen,+1 234 908 8071,dbehrendsen0@photobucket.com,4 Merchant Lane,Canton,OH,7848
2A,Airline Flight Instructor,Ebeneser,Armitage,+1 804 308 5034,earmitage1@wordpress.com,7 Brown Plaza,Richmond,VA,5001
3M,Airline Flight Instructor,Gardie,McClinton,+1 818 712 2695,gmcclinton2@scientificamerican.com,66069 Rieder Plaza,Van Nuys,CA,3452
4K,Passenger Service Agent,Cathleen,Kensall,+1 312 279 1523,ckensall3@yahoo.co.jp,327 Buena Vista Circle,Chicago,IL,5000
5L,Aviation Meteorologist,Karly,Littlepage,+1 785 376 6745,klittlepage4@rediff.com,9765 Buena Vista Pass,Topeka,KS,1204
6C,Ground Attendant,Vi,Cosgreave,+1 910 613 3525,vcosgreave5@ebay.co.uk,6 Lien Hill,Fayetteville,NC,5777
7S,Pilot,Joachim,Seawright,+1 253 165 4293,jseawright6@tumblr.com,5 Linden Pass,Tacoma,WA,6785
8M,Aviation Meteorologist,Kerstin,Melesk,+1 704 978 2108,kmelesk7@marriott.com,726 Melrose Junction,Gastonia,NC,1455
9H,Co Pilot,Alma,Huffa,+1 614 638 2879,ahuffa8@oakley.com,10 Banding Drive,Columbus,OH,4976
10R,Airport Ramp Agent,Cristiano,Rogliero,+1 757 596 1897,crogliero9@hc360.com,5595 Goodland Point,Herndon,VA,3294
11L,Operations Agent,Korney,Longthorne,+1 321 384 5700,klongthornea@webs.com,36 Memorial Place,Melbourne,FL,3755
12T,Aircraft Mechanic,Kellen,Tilston,+1 210 682 8070,ktilstonb@baidu.com,98457 Moland Lane,San Antonio,TX,8031
13K,Airport Ramp Agent,Feliza,Kenner,+1 469 686 3497,fkennerc@tripadvisor.com,54526 Stone Corner Road,Dallas,TX,7529
14T,Pilot,Brina,Tolan,+1 714 307 7949,btoland@netscape.com,4802 Fairview Crossing,Irvine,CA,4151
15G,Aviation Meteorologist,Xenia,Griss,+1 408 705 2677,xgrisse@wikispaces.com,8 Straubel Road,San Jose,CA,9617
16F,Co Pilot,Frank,Foulstone,+1 260 111 3263,ffoulstonef@imageshack.us,88646 Sachtjen Plaza,Fort Wayne,IN,8453
17W,Operations Agent,Blakelee,Wiltshear,+1 213 916 4710,bwiltshearg@etsy.com,39059 Forster Drive,Los Angeles,CA,5256
18C,Airline Ticket Agent,Cassaundra,China,+1 904 460 1322,cchinah@merriam-webster.com,221 Beilfuss Place,Jacksonville,FL,2278
19L,Passenger Service Agent,Renee,Lent,+1 202 363 2442,rlenti@pinterest.com,5 Union Avenue,Washington,DC,1713
20G,Operations Agent,Madalena,Gianolini,+1 319 594 4503,mgianolinij@reference.com,206 Linden Road,Waterloo,IA,3846
21D,Airline Station Agent,Darnell,Downing,+1 209 793 9107,ddowningk@ning.com,0284 Springview Pass,Stockton,CA,2962
22W,Operations Agent,Faber,Whibley,+1 202 338 0098,fwhibleyl@domainmarket.com,250 Kings Trail,Washington,DC,1459
23C,Pilot,Herminia,Curuclis,+1 202 546 3023,hcuruclism@buzzfeed.com,3 Northwestern Plaza,Washington,DC,9292
24W,Passenger Service Agent,Ameline,Wogan,+1 904 904 8899,awogann@spotify.com,5748 Harbort Terrace,Jacksonville,FL,4729
25B,Aircraft Mechanic,Osborn,Benford,+1 314 421 1449,obenfordo@scribd.com,53 Sundown Plaza,Saint Louis,MO,6028
26M,Pilot,Rodge,Maltman,+1 260 586 3874,rmaltmanp@is.gd,82723 8th Pass,Fort Wayne,IN,1076
27B,Pilot,Phil,Bencher,+1 907 312 9088,pbencherq@jugem.jp,720 Wayridge Junction,Anchorage,AK,2720
28M,Passenger Service Agent,Vannie,MacMurray,+1 312 793 8695,vmacmurrayr@smh.com.au,11 Derek Alley,Schaumburg,IL,6250
29M,Pilot,Haskell,Millan,+1 702 330 5067,hmillans@purevolume.com,43118 Jenna Plaza,Las Vegas,NV,6309
30S,Airport Ramp Agent,Tonia,Scally,+1 404 901 8371,tscallyt@booking.com,057 Sherman Point,Atlanta,GA,1645
31K,Airline Station Agent,Clare,Khidr,+1 305 837 8292,ckhidru@nsw.gov.au,1735 Division Drive,Miami,FL,8881
32S,Pilot,Archibald,Smye,+1 412 290 2700,asmyev@state.tx.us,36 Nova Circle,Pittsburgh,PA,6131
33M,Airline Station Agent,Garrik,Mostyn,+1 727 552 3473,gmostynw@dailymotion.com,4207 Ilene Crossing,Saint Petersburg,FL,8520
34B,Operations Agent,Jaquelin,Brislawn,+1 303 350 1125,jbrislawnx@pen.io,50649 Butternut Pass,Denver,CO,7582
35B,Airport Ramp Agent,Shela,Birdwistle,+1 817 866 0226,sbirdwistley@macromedia.com,57 Fairview Point,Fort Worth,TX,8282
36L,Avionics Technician,Selig,Lillywhite,+1 941 217 7869,slillywhitez@cbsnews.com,2 Dayton Lane,Sarasota,FL,1549
37S,Avionics Technician,Marylou,Steptowe,+1 202 904 9360,msteptowe10@angelfire.com,0031 Buena Vista Parkway,Washington,DC,7156
38H,Airline Ticket Agent,Adair,Horley,+1 203 958 1182,ahorley11@parallels.com,0416 Farwell Pass,Stamford,CT,3094
39P,Avionics Technician,Petronille,Payton,+1 770 316 6272,ppayton12@drupal.org,153 Waubesa Street,Lawrenceville,GA,4599
40M,Flight Attendant,Gae,MacCumeskey,+1 713 378 3656,gmaccumeskey13@webeden.co.uk,905 Schmedeman Hill,Houston,TX,6717
41T,Airline Ticket Agent,Benoit,Tunstall,+1 408 551 6405,btunstall14@cmu.edu,96 Independence Alley,San Jose,CA,3545
42C,Passenger Service Agent,Sylvester,Cardenosa,+1 404 408 1977,scardenosa15@upenn.edu,92476 Westend Drive,Alpharetta,GA,5704
43M,Aviation Meteorologist,Katusha,Maillard,+1 720 745 7895,kmaillard16@jimdo.com,6459 Anthes Drive,Denver,CO,6566
44H,Aviation Attorney,Berna,Holsall,+1 626 513 2364,bholsall17@technorati.com,868 Menomonie Hill,Los Angeles,CA,6807
45S,Ground Attendant,Berke,Scraggs,+1 920 508 5567,bscraggs18@wikimedia.org,2631 Superior Road,Green Bay,WI,4047
46B,Aviation Attorney,Cyrille,Blaksley,+1 203 648 7545,cblaksley19@gmpg.org,02 Quincy Road,Stamford,CT,4615
47R,Airport Ramp Agent,Kin,Rubbert,+1 240 513 6856,krubbert1a@jimdo.com,1841 Rusk Circle,Silver Spring,MD,4042
48G,Aviation Meteorologist,Cully,Gait,+1 240 438 5397,cgait1b@amazon.co.jp,1700 Waubesa Trail,Gaithersburg,MD,1255
49W,Crew Schedule Coordinator,Mannie,Wallach,+1 816 998 8395,mwallach1c@harvard.edu,422 La Follette Trail,Kansas City,MO,9476
50G,Airline Administrative Support,Alisun,Grzegorecki,+1 213 625 4087,agrzegorecki1d@economist.com,994 John Wall Hill,Los Angeles,CA,3438
51K,Pilot,Cari,Kinningley,+1 941 582 4618,ckinningley1e@devhub.com,2763 Schurz Terrace,Sarasota,FL,9233
52M,Aviation Meteorologist,Jerri,Mogridge,+1 405 501 3852,jmogridge1f@devhub.com,15103 Novick Street,Oklahoma City,OK,3145
53M,Aviation Attorney,Chane,Mathe,+1 626 976 1001,cmathe1g@chron.com,60794 Golf Course Way,Pasadena,CA,6636
54F,Co Pilot,Gael,Florentine,+1 713 939 4392,gflorentine1h@cnbc.com,26 Service Plaza,Houston,TX,5984
55T,Aircraft Mechanic,Hewe,Tubb,+1 714 546 5996,htubb1i@archive.org,32 Cambridge Junction,Irvine,CA,1854
56H,Airline Ticket Agent,Wendall,Howbrook,+1 719 522 6563,whowbrook1j@redcross.org,24 Schurz Court,Colorado Springs,CO,7185
57G,Airline Administrative Support,Davidson,Gerring,+1 608 918 7394,dgerring1k@google.com.hk,435 Fremont Center,Madison,WI,8469
58R,Aviation Attorney,Demetra,Rivlin,+1 718 904 1718,drivlin1l@ebay.com,9 Lindbergh Plaza,Brooklyn,NY,4482
59F,Pilot,Quentin,Firmager,+1 540 279 5584,qfirmager1m@home.pl,435 Forest Run Way,Roanoke,VA,1748
60O,Airport Ramp Agent,Burke,O'Crowley,+1 248 649 2904,bocrowley1n@nytimes.com,97140 Division Circle,Detroit,MI,9098
61C,Crew Schedule Coordinator,Lucilia,Chessman,+1 213 211 1771,lchessman1o@house.gov,921 Oak Valley Junction,Van Nuys,CA,6937
62C,Aviation Meteorologist,Owen,Costley,+1 724 258 1989,ocostley1p@imdb.com,18 Utah Road,Pittsburgh,PA,8585
63K,Aviation Meteorologist,Reiko,Knewstubb,+1 203 449 5336,rknewstubb1q@google.com.br,50956 Roth Park,New Haven,CT,8317
64C,Ground Attendant,Tootsie,Cominotti,+1 303 301 8350,tcominotti1r@instagram.com,7568 Old Shore Trail,Denver,CO,3267
65S,Aviation Meteorologist,Aloise,Schwanden,+1 305 984 7330,aschwanden1s@networkadvertising.org,70 Pierstorff Road,Miami,FL,2312
66B,Ground Attendant,Andre,Bish,+1 508 508 1805,abish1t@europa.eu,016 Reinke Crossing,Worcester,MA,1353
67H,Ground Attendant,Annabal,Hark,+1 917 852 4679,ahark1u@last.fm,3 Eggendart Plaza,New York City,NY,9321
68F,Airline Ticket Agent,Pablo,Francescotti,+1 205 288 7359,pfrancescotti1v@bizjournals.com,209 Pierstorff Lane,Birmingham,AL,2083
69W,Operations Agent,Randi,Waterhous,+1 507 905 9259,rwaterhous1w@ocn.ne.jp,899 International Center,Rochester,MN,8762
70S,Airport Ramp Agent,Emelyne,Searsby,+1 916 427 3169,esearsby1x@deviantart.com,0041 Chive Parkway,Sacramento,CA,8107
71L,Airline Station Agent,Fairleigh,Leisman,+1 850 656 1157,fleisman1y@cocolog-nifty.com,06535 Lukken Lane,Tallahassee,FL,9749
72E,Ground Attendant,Even,Emlyn,+1 570 316 7303,eemlyn1z@acquirethisname.com,9245 Cascade Pass,Wilkes Barre,PA,9498
73G,Crew Schedule Coordinator,Hastie,Golson,+1 414 422 8750,hgolson20@goodreads.com,56281 Coleman Pass,Milwaukee,WI,5198
74G,Airport Ramp Agent,Ellissa,Gleaves,+1 615 875 4130,egleaves21@cbc.ca,44 Lerdahl Junction,Nashville,TN,8928
75H,Passenger Service Agent,Caesar,Hilling,+1 770 587 8687,chilling22@wordpress.org,1 Canary Crossing,Norcross,GA,7171
76B,Co Pilot,Stevana,Barbe,+1 469 755 1013,sbarbe23@shareasale.com,45453 Washington Street,Dallas,TX,7508
77S,Aviation Attorney,Annelise,Spofforth,+1 314 127 0441,aspofforth24@webs.com,0 Lerdahl Plaza,Saint Louis,MO,4412
78S,Ground Attendant,Barbe,Scirman,+1 404 770 7006,bscirman25@g.co,08020 Monterey Plaza,Atlanta,GA,3696
79E,Airport Ramp Agent,Livy,Eley,+1 318 434 1169,leley26@quantcast.com,88004 Carey Terrace,Shreveport,LA,8876
80H,Airline Ticket Agent,Ezechiel,Habbergham,+1 617 833 3581,ehabbergham27@addtoany.com,444 Becker Road,Newton,MA,5144
81C,Co Pilot,Florenza,Cowup,+1 504 435 0000,fcowup28@gizmodo.com,213 Delaware Court,New Orleans,LA,6722
82F,Airline Ticket Agent,Angy,Fielders,+1 805 526 5048,afielders29@nih.gov,5636 Dorton Street,Santa Barbara,CA,4034
83A,Operations Agent,Jereme,Anespie,+1 415 439 5118,janespie2a@dyndns.org,76831 Di Loreto Park,San Francisco,CA,5711
84B,Aircraft Mechanic,Humphrey,Beamand,+1 601 325 5916,hbeamand2b@npr.org,09 Jana Terrace,Jackson,MS,6940
85B,Aviation Meteorologist,Herve,Baldi,+1 517 677 4633,hbaldi2c@geocities.jp,34 Sloan Park,Lansing,MI,9441
86G,Operations Agent,Stanislaus,Grinstead,+1 205 767 8341,sgrinstead2d@parallels.com,65 Bunker Hill Point,Birmingham,AL,2840
87Y,Avionics Technician,Veradis,Yoseloff,+1 425 106 5416,vyoseloff2e@youtu.be,2016 Pierstorff Junction,Seattle,WA,7172
88W,Pilot,Peirce,Webburn,+1 508 279 6884,pwebburn2f@google.ca,81 Sherman Center,Worcester,MA,2472
89T,Avionics Technician,Mervin,Tunniclisse,+1 757 624 3776,mtunniclisse2g@bigcartel.com,314 Waubesa Crossing,Suffolk,VA,2588
90P,Airline Flight Instructor,Munroe,Plumstead,+1 412 834 7834,mplumstead2h@surveymonkey.com,767 Moose Drive,Pittsburgh,PA,3874
91P,Pilot,Michaela,Pady,+1 713 286 5855,mpady2i@blogger.com,72897 Westerfield Junction,Houston,TX,8092
92C,Ground Attendant,Agna,Coniff,+1 571 645 1870,aconiff2j@sphinn.com,30303 Pine View Road,Springfield,VA,7363
93A,Passenger Service Agent,Creight,Amor,+1 228 418 6180,camor2k@artisteer.com,8 Thierer Parkway,Biloxi,MS,7328
94W,Aviation Attorney,Aimee,Whitney,+1 702 943 1202,awhitney2l@howstuffworks.com,94 Shasta Alley,Las Vegas,NV,5160
95S,Avionics Technician,Tildie,Shapiro,+1 937 134 1175,tshapiro2m@theglobeandmail.com,90 Talmadge Hill,Dayton,OH,9718
96M,Airline Station Agent,Shane,Mawd,+1 408 233 5651,smawd2n@networkadvertising.org,61365 Donald Center,San Jose,CA,7290
97D,Pilot,Craggy,Darco,+1 773 178 4240,cdarco2o@accuweather.com,318 Commercial Pass,Chicago,IL,7038
98G,Airline Flight Instructor,Ignacio,Gilhooley,+1 330 569 9907,igilhooley2p@xrea.com,2912 6th Terrace,Youngstown,OH,5421
99S,Aircraft Mechanic,Fransisco,Shailer,+1 318 280 2549,fshailer2q@php.net,5 Erie Terrace,Shreveport,LA,7787
100A,Ground Attendant,Stillman,Arnould,+1 256 110 5245,sarnould2r@jimdo.com,418 Loomis Terrace,Gadsden,AL,4513
101L,Ground Attendant,Royall,Loache,+1 850 303 9613,rloache2s@jugem.jp,054 Farmco Place,Pensacola,FL,2007
102P,Ground Attendant,Trina,Pereira,+1 360 581 5050,tpereira2t@theglobeandmail.com,72334 Emmet Hill,Vancouver,WA,8438
103H,Flight Attendant,Allin,Harrowsmith,+1 415 992 1716,aharrowsmith2u@github.com,9 Bluejay Alley,San Francisco,CA,4787
104J,Aircraft Mechanic,Tony,Joysey,+1 702 573 3018,tjoysey2v@blogger.com,049 Autumn Leaf Road,Las Vegas,NV,5930
105C,Airline Ticket Agent,Lars,Cheeke,+1 202 850 3886,lcheeke2w@skype.com,442 Stang Junction,Washington,DC,1242
106J,Pilot,Benjie,Jervis,+1 801 606 3654,bjervis2x@phpbb.com,25 1st Park,Provo,UT,1341
107M,Pilot,Darrell,McKeefry,+1 602 549 7554,dmckeefry2y@reddit.com,4 Butterfield Place,Phoenix,AZ,4195
108H,Crew Schedule Coordinator,Willamina,Hawke,+1 402 802 9148,whawke2z@reuters.com,38367 Warbler Hill,Lincoln,NE,7183
109C,Ground Attendant,Evangelia,Coolbear,+1 517 591 7264,ecoolbear30@ihg.com,5 Lukken Pass,Lansing,MI,8686
110G,Aircraft Mechanic,Odey,Gebuhr,+1 304 412 5996,ogebuhr31@storify.com,17 Shopko Lane,Huntington,WV,9549
111C,Avionics Technician,Rana,Chazette,+1 212 401 3723,rchazette32@t.co,391 Magdeline Parkway,New York City,NY,1411
112D,Aircraft Mechanic,Biron,Doget,+1 601 684 5099,bdoget33@addtoany.com,995 Homewood Court,Meridian,MS,5565
113D,Airline Flight Instructor,Jeanie,Dinse,+1 806 154 5890,jdinse34@state.gov,654 Washington Road,Amarillo,TX,7179
114M,Pilot,Domenic,Mearns,+1 318 813 5335,dmearns35@nhs.uk,6945 Corben Alley,Shreveport,LA,6365
115N,Airline Ticket Agent,Tamra,Natte,+1 423 607 5265,tnatte36@myspace.com,90 Springs Pass,Chattanooga,TN,9141
116P,Airline Station Agent,Lora,Papez,+1 251 214 9467,lpapez37@desdev.cn,759 Ridgeway Hill,Mobile,AL,3150
117G,Avionics Technician,Gallard,Gurry,+1 408 798 3061,ggurry38@meetup.com,5068 Straubel Center,San Jose,CA,3640
118R,Flight Attendant,Esdras,Richardet,+1 209 907 0815,erichardet39@bbb.org,03 Express Trail,Fresno,CA,8705
119F,Pilot,Christye,Fydoe,+1 303 300 1107,cfydoe3a@ucsd.edu,4430 Hazelcrest Circle,Englewood,CO,3236
120R,Passenger Service Agent,Kati,Ridgeway,+1 202 174 3837,kridgeway3b@cnet.com,9919 Barby Road,Washington,DC,3468
121A,Airport Ramp Agent,Alisha,Ankers,+1 719 999 7803,aankers3c@mlb.com,15932 Rutledge Trail,Colorado Springs,CO,9380
122D,Ground Attendant,Bert,De Stoop,+1 806 308 2832,bdestoop3d@cbsnews.com,1678 Jay Road,Lubbock,TX,2343
123V,Airline Station Agent,Clay,Vearncomb,+1 214 320 7826,cvearncomb3e@ow.ly,48688 Division Avenue,Dallas,TX,1279
124N,Aviation Meteorologist,Devon,Nazareth,+1 314 299 4903,dnazareth3f@exblog.jp,0007 Pond Park,Saint Louis,MO,2301
125S,Co Pilot,Stefa,Sitwell,+1 330 795 7757,ssitwell3g@vimeo.com,661 Fisk Road,Youngstown,OH,6837
126S,Airline Administrative Support,Boothe,Sedwick,+1 254 511 5273,bsedwick3h@bloomberg.com,151 Esch Parkway,Killeen,TX,7630
127I,Aviation Attorney,Jandy,Ioselev,+1 517 740 8858,jioselev3i@hp.com,8 Kim Crossing,Lansing,MI,1178
128C,Co Pilot,Odo,Cufflin,+1 808 600 3135,ocufflin3j@mlb.com,05094 Vidon Crossing,Honolulu,HI,7043
129N,Crew Schedule Coordinator,Gussi,Note,+1 865 706 4554,gnote3k@slashdot.org,75948 Bonner Pass,Knoxville,TN,5829
130K,Pilot,Edithe,Kitchaside,+1 210 554 4346,ekitchaside3l@photobucket.com,45128 Linden Hill,San Antonio,TX,5655
131T,Operations Agent,Auguste,Tures,+1 904 448 2906,atures3m@reddit.com,63833 Barby Parkway,Jacksonville,FL,7850
132L,Co Pilot,Elspeth,Limeburner,+1 215 635 4363,elimeburner3n@cloudflare.com,4 Heffernan Place,Philadelphia,PA,1715
133B,Operations Agent,Jorey,Blakelock,+1 304 348 1248,jblakelock3o@360.cn,85 Amoth Court,Charleston,WV,3054
134B,Flight Attendant,Bonni,Breheny,+1 716 450 4810,bbreheny3p@irs.gov,8771 Fairfield Junction,Buffalo,NY,2163
135D,Flight Attendant,Yale,Dows,+1 801 232 6205,ydows3q@youtube.com,475 Arizona Point,Ogden,UT,2660
136S,Airport Ramp Agent,Sascha,Stitcher,+1 208 963 1291,sstitcher3r@smugmug.com,69 Waxwing Drive,Boise,ID,6958
137R,Airline Ticket Agent,Markus,Risebarer,+1 314 217 2613,mrisebarer3s@comsenz.com,09 Arizona Terrace,Saint Louis,MO,9781
138S,Avionics Technician,Kelcy,Scothorne,+1 907 612 8314,kscothorne3t@amazon.co.jp,85 Crest Line Court,Anchorage,AK,8327
139L,Ground Attendant,Farris,Landon,+1 719 411 9788,flandon3u@liveinternet.ru,23874 Graedel Road,Colorado Springs,CO,7512
140C,Passenger Service Agent,Celinka,Calow,+1 202 108 4309,ccalow3v@patch.com,5211 Boyd Drive,Washington,DC,4774
141F,Aviation Meteorologist,Eve,Feld,+1 509 590 1075,efeld3w@reuters.com,90 Vahlen Plaza,Spokane,WA,6007
142R,Co Pilot,Lauraine,Raincin,+1 203 298 7750,lraincin3x@ucsd.edu,16 Eagle Crest Park,New Haven,CT,5954
143M,Aviation Attorney,Cordelie,MacGiolla,+1 303 893 3191,cmacgiolla3y@sphinn.com,378 Hovde Center,Denver,CO,2775
144M,Flight Attendant,Carr,McDougald,+1 718 519 7274,cmcdougald3z@friendfeed.com,2878 Ohio Road,Bronx,NY,5170
145V,Aviation Attorney,Berk,Vakhonin,+1 704 813 6281,bvakhonin40@tinyurl.com,5 Lindbergh Avenue,Charlotte,NC,1273
146T,Co Pilot,Juanita,Tuting,+1 202 582 7151,jtuting41@creativecommons.org,25 Eastlawn Drive,Washington,DC,7010
147A,Avionics Technician,Audrey,Aveyard,+1 414 250 0525,aaveyard42@addtoany.com,041 Twin Pines Point,Milwaukee,WI,3171
148B,Aircraft Mechanic,Tom,Bunston,+1 305 819 2285,tbunston43@wisc.edu,531 Melody Circle,Miami,FL,7084
149W,Aviation Meteorologist,Keith,Wedmore,+1 954 415 7760,kwedmore44@friendfeed.com,11 Surrey Park,Hollywood,FL,9608
150O,Aviation Attorney,Samuel,O'Corrigane,+1 907 831 8818,socorrigane45@sohu.com,43835 Rockefeller Drive,Fairbanks,AK,5579
151H,Co Pilot,Patrizia,Hellewell,+1 408 616 2822,phellewell46@dedecms.com,71354 Lyons Terrace,San Jose,CA,4618
152M,Airline Ticket Agent,Avivah,Moyse,+1 626 138 9959,amoyse47@hp.com,3674 4th Alley,Whittier,CA,9594
153B,Aviation Meteorologist,Ade,Bax,+1 713 868 3394,abax48@kickstarter.com,31 Chinook Trail,Humble,TX,2576
154S,Avionics Technician,Guglielmo,Swindall,+1 202 263 4358,gswindall49@simplemachines.org,89 Miller Center,Washington,DC,8727
155B,Flight Attendant,Joell,Bauman,+1 304 695 5344,jbauman4a@gmpg.org,574 6th Trail,Charleston,WV,7786
156H,Airline Flight Instructor,Rosa,Hildred,+1 504 496 4166,rhildred4b@shareasale.com,8062 Eggendart Circle,New Orleans,LA,7368
157S,Avionics Technician,Guss,Shedden,+1 253 797 5237,gshedden4c@cafepress.com,97104 Parkside Center,Tacoma,WA,9808
158H,Avionics Technician,Caryn,Hargitt,+1 616 189 8586,chargitt4d@simplemachines.org,255 Nancy Plaza,Grand Rapids,MI,2121
159M,Flight Attendant,Teodoro,Menhenitt,+1 907 561 7015,tmenhenitt4e@cyberchimps.com,98 Cambridge Circle,Fairbanks,AK,4870
160S,Airline Ticket Agent,Ancell,Skala,+1 919 785 5235,askala4f@nbcnews.com,08458 School Pass,Raleigh,NC,8311
161P,Crew Schedule Coordinator,Betteanne,Portman,+1 651 236 5012,bportman4g@alibaba.com,88417 Londonderry Pass,Saint Paul,MN,8939
162M,Airline Flight Instructor,Dacia,Mockford,+1 602 924 3986,dmockford4h@cam.ac.uk,6228 Dottie Center,Phoenix,AZ,2075
163J,Passenger Service Agent,Agatha,Jumonet,+1 213 572 0183,ajumonet4i@google.co.jp,2 Barby Way,Los Angeles,CA,3777
164E,Crew Schedule Coordinator,Archibold,Eglinton,+1 210 356 6774,aeglinton4j@indiegogo.com,19 Pawling Alley,San Antonio,TX,9076
165L,Aviation Attorney,Kirsteni,Ley,+1 574 647 7565,kley4k@pcworld.com,3438 Merry Place,South Bend,IN,9046
166P,Aviation Attorney,Sandye,Patrie,+1 256 813 9912,spatrie4l@pagesperso-orange.fr,2 John Wall Hill,Huntsville,AL,4411
167P,Airline Station Agent,Carolina,Pratley,+1 901 764 1123,cpratley4m@hibu.com,13523 Hoard Avenue,Memphis,TN,6626
168B,Ground Attendant,Ivett,Benzing,+1 563 403 2979,ibenzing4n@oaic.gov.au,6 Crowley Hill,Davenport,IA,2952
169H,Aviation Meteorologist,Herculie,Hayer,+1 215 785 6439,hhayer4o@tripod.com,19 Golf Alley,Philadelphia,PA,1943
170G,Passenger Service Agent,Archibold,Gonnelly,+1 626 295 6195,agonnelly4p@ucsd.edu,204 Becker Park,Alhambra,CA,1368
171C,Aviation Attorney,Brucie,Cossor,+1 317 603 1250,bcossor4q@va.gov,13847 Westend Street,Indianapolis,IN,1247
172H,Aviation Meteorologist,Frances,Housaman,+1 915 697 5864,fhousaman4r@paypal.com,050 Lukken Hill,El Paso,TX,9029
173C,Airport Ramp Agent,Skipper,Call,+1 651 244 4063,scall4s@tripod.com,265 Bayside Place,Saint Paul,MN,5299
174B,Aviation Meteorologist,Agatha,Boshers,+1 515 839 8508,aboshers4t@shinystat.com,023 Monterey Terrace,Des Moines,IA,5525
175G,Airline Ticket Agent,Celie,Grimditch,+1 361 619 5221,cgrimditch4u@mapy.cz,526 Lakewood Gardens Park,Corpus Christi,TX,9926
176H,Aircraft Mechanic,Clarey,Hames,+1 757 912 6790,chames4v@ebay.co.uk,95015 Lukken Avenue,Virginia Beach,VA,6425
177T,Flight Attendant,Garner,Thow,+1 217 790 9847,gthow4w@pen.io,020 6th Junction,Springfield,IL,4739
178B,Airport Ramp Agent,Georgina,Bilverstone,+1 919 733 5151,gbilverstone4x@msu.edu,0 Rigney Street,Raleigh,NC,4237
179G,Aviation Meteorologist,Keary,Glayzer,+1 410 494 3032,kglayzer4y@lulu.com,259 Northland Junction,Baltimore,MD,9371
180B,Passenger Service Agent,Tatum,Bottoms,+1 615 498 1507,tbottoms4z@360.cn,676 Golden Leaf Drive,Memphis,TN,1534
181M,Avionics Technician,Frances,Meadows,+1 248 315 8129,fmeadows50@hp.com,254 Superior Lane,Troy,MI,5548
182R,Ground Attendant,Harmonie,Rowson,+1 608 786 5331,hrowson51@trellian.com,37357 Dovetail Park,Madison,WI,5518
183W,Airline Station Agent,Nannie,Wellen,+1 423 740 1839,nwellen52@intel.com,103 Sugar Crossing,Kingsport,TN,4303
184P,Aircraft Mechanic,Lyndsie,Pettwood,+1 859 288 2107,lpettwood53@moonfruit.com,86 Colorado Avenue,Lexington,KY,5746
185R,Airline Flight Instructor,Cosetta,Roddan,+1 971 173 3238,croddan54@tmall.com,57 Bartelt Hill,Portland,OR,9655
186M,Ground Attendant,Norri,Mulcock,+1 202 100 1735,nmulcock55@tripadvisor.com,482 Grover Road,Washington,DC,5032
187T,Aircraft Mechanic,Babbette,Tomkinson,+1 772 405 5537,btomkinson56@xrea.com,6425 Novick Hill,Port Saint Lucie,FL,9328
188L,Passenger Service Agent,Alyson,Laidel,+1 309 875 7820,alaidel57@redcross.org,6647 Jenna Court,Carol Stream,IL,6064
189K,Aviation Meteorologist,Anna-diane,Krojn,+1 214 222 2226,akrojn58@dailymail.co.uk,39518 Stephen Park,Irving,TX,8187
190L,Airport Ramp Agent,Birgitta,Lattie,+1 775 329 5197,blattie59@tumblr.com,072 Darwin Avenue,Reno,NV,1647
191A,Pilot,Kerstin,Aherne,+1 804 157 5261,kaherne5a@friendfeed.com,1735 Fordem Street,Hampton,VA,3679
192F,Airline Station Agent,Hyacinthe,Folliss,+1 303 935 8568,hfolliss5b@typepad.com,1426 Anniversary Pass,Denver,CO,9193
193V,Aircraft Mechanic,Drew,Vinson,+1 901 507 3059,dvinson5c@economist.com,55266 Sunnyside Hill,Memphis,TN,3158
194K,Airport Ramp Agent,Iain,Kaufman,+1 602 454 1539,ikaufman5d@foxnews.com,35 Laurel Way,Phoenix,AZ,6011
195R,Aircraft Mechanic,Murial,Riddington,+1 305 901 9782,mriddington5e@amazon.com,3 Eastwood Alley,Hialeah,FL,1412
196C,Flight Attendant,Patrizio,Cominoli,+1 304 536 2872,pcominoli5f@jalbum.net,5829 Dottie Terrace,Charleston,WV,7290
197C,Aviation Meteorologist,Tann,Clayworth,+1 510 789 1687,tclayworth5g@uiuc.edu,9 Lawn Terrace,Sacramento,CA,5080
198R,Airline Flight Instructor,Moina,Ridgedell,+1 619 935 8201,mridgedell5h@vkontakte.ru,95 Montana Way,San Diego,CA,9975
199L,Pilot,Kendre,Lismore,+1 239 948 0791,klismore5i@opera.com,7434 Morning Crossing,Cape Coral,FL,9100
200M,Operations Agent,Gizela,Moden,+1 404 656 7718,gmoden5j@imageshack.us,3 Scoville Court,Atlanta,GA,6479
201H,Crew Schedule Coordinator,Chrisy,Hassen,+1 407 569 0597,chassen5k@addtoany.com,818 Green Circle,Daytona Beach,FL,2254
202W,Operations Agent,Brittaney,Waterhowse,+1 718 539 8507,bwaterhowse5l@geocities.jp,02512 Buhler Pass,Jamaica,NY,9506
203F,Ground Attendant,Zared,Fontin,+1 810 981 6542,zfontin5m@cyberchimps.com,71 Oak Court,Flint,MI,6188
204P,Pilot,Ulrike,Paver,+1 904 176 5483,upaver5n@reddit.com,7 Village Green Circle,Jacksonville,FL,5120
205M,Co Pilot,Fraser,Minico,+1 304 884 1001,fminico5o@hud.gov,3127 Twin Pines Parkway,Huntington,WV,9644
206M,Aircraft Mechanic,Matelda,McGrane,+1 727 372 2790,mmcgrane5p@mail.ru,76 Longview Lane,Largo,FL,5790
207K,Aviation Attorney,Karee,Kilcullen,+1 754 738 7055,kkilcullen5q@economist.com,137 Buena Vista Avenue,Fort Lauderdale,FL,8596
208J,Flight Attendant,Weidar,Jancey,+1 952 715 4513,wjancey5r@t.co,380 Carey Drive,Minneapolis,MN,3774
209P,Flight Attendant,Angelle,Pesek,+1 215 585 6663,apesek5s@facebook.com,88522 Florence Hill,Philadelphia,PA,8021
210T,Airport Ramp Agent,Georgi,Tranmer,+1 717 450 0806,gtranmer5t@barnesandnoble.com,90891 Mariners Cove Circle,Lancaster,PA,4097
211F,Flight Attendant,Con,Fulloway,+1 210 112 3449,cfulloway5u@hubpages.com,9191 Northview Lane,San Antonio,TX,8811
212L,Airline Ticket Agent,Colas,Lincey,+1 402 104 3034,clincey5v@house.gov,00299 Sunfield Junction,Lincoln,NE,5400
213S,Passenger Service Agent,Brok,Santori,+1 713 738 9222,bsantori5w@wiley.com,29 Canary Parkway,Houston,TX,7907
214B,Aircraft Mechanic,Alleen,Bonicelli,+1 314 526 9489,abonicelli5x@spotify.com,8031 Ryan Lane,Saint Louis,MO,7273
215I,Co Pilot,Zared,Issitt,+1 513 447 5574,zissitt5y@webs.com,609 Roxbury Trail,Cincinnati,OH,5202
216S,Avionics Technician,Gunther,Slopier,+1 650 953 7513,gslopier5z@seattletimes.com,90697 Nova Alley,Redwood City,CA,9634
217P,Airline Station Agent,Jerrine,Poulney,+1 862 587 4010,jpoulney60@ow.ly,75310 Grover Place,Newark,NJ,7270
218A,Airline Administrative Support,Corrianne,Avo,+1 518 644 9101,cavo61@bigcartel.com,43607 Commercial Plaza,Albany,NY,5536
219V,Pilot,Ganny,Van Leijs,+1 915 453 9508,gvanleijs62@hp.com,8 Kingsford Parkway,El Paso,TX,2000
220G,Avionics Technician,Wallace,Gosby,+1 813 176 7610,wgosby63@washingtonpost.com,625 Hovde Drive,Tampa,FL,3129
221W,Pilot,Drusie,Wycherley,+1 702 907 2546,dwycherley64@theguardian.com,2130 Old Gate Hill,Las Vegas,NV,1423
222S,Airline Administrative Support,Shell,Steely,+1 309 103 3089,ssteely65@berkeley.edu,407 Butternut Alley,Peoria,IL,2072
223J,Airline Station Agent,Malcolm,Jeyes,+1 515 642 3803,mjeyes66@meetup.com,1512 Dorton Parkway,Des Moines,IA,5681
224D,Aviation Meteorologist,Sheffield,Dealtry,+1 303 810 4200,sdealtry67@bigcartel.com,5 Weeping Birch Way,Boulder,CO,4860
225C,Aviation Attorney,Massimo,Courtonne,+1 432 508 9138,mcourtonne68@twitpic.com,9 Sycamore Drive,Midland,TX,2717
226W,Airline Flight Instructor,Demetri,Waiton,+1 214 360 8637,dwaiton69@cornell.edu,371 Thompson Court,Garland,TX,9421
227T,Operations Agent,Roselia,Tregonna,+1 206 748 4852,rtregonna6a@examiner.com,586 Boyd Street,Seattle,WA,3833
228B,Operations Agent,Bonny,Billie,+1 513 234 0903,bbillie6b@g.co,73131 Toban Center,Cincinnati,OH,1828
229P,Operations Agent,Ema,Pietron,+1 718 839 6620,epietron6c@ca.gov,5 Buena Vista Way,Brooklyn,NY,1187
230M,Airline Administrative Support,Hermia,McGeneay,+1 318 304 3817,hmcgeneay6d@csmonitor.com,105 Buell Avenue,Shreveport,LA,4206
231F,Passenger Service Agent,Niko,Farrans,+1 828 751 6706,nfarrans6e@wikipedia.org,06714 Hallows Circle,Asheville,NC,2399
232C,Ground Attendant,Papagena,Caen,+1 312 468 6172,pcaen6f@phoca.cz,246 Bluestem Avenue,Chicago,IL,1739
233A,Ground Attendant,Perceval,Armand,+1 405 393 3672,parmand6g@constantcontact.com,34 Westridge Plaza,Oklahoma City,OK,9171
234M,Passenger Service Agent,Pearle,Minkin,+1 757 723 3336,pminkin6h@feedburner.com,61 Colorado Hill,Norfolk,VA,1138
235B,Crew Schedule Coordinator,Julie,Beade,+1 251 572 2303,jbeade6i@privacy.gov.au,763 Stang Terrace,Mobile,AL,5122
236S,Flight Attendant,Prue,Sedwick,+1 312 650 9063,psedwick6j@imgur.com,6 Swallow Lane,Chicago,IL,8429
237B,Airline Administrative Support,Randie,Baptista,+1 352 919 9147,rbaptista6k@godaddy.com,33 Spenser Point,Spring Hill,FL,2824
238S,Passenger Service Agent,Jaquelyn,Skerme,+1 559 687 3186,jskerme6l@addthis.com,6405 Stuart Lane,Fullerton,CA,2981
239D,Airline Flight Instructor,Montgomery,Damant,+1 405 767 9980,mdamant6m@answers.com,6869 Pleasure Junction,Oklahoma City,OK,5611
240J,Airline Administrative Support,Olympie,Jerrans,+1 502 295 4616,ojerrans6n@nationalgeographic.com,2787 Dwight Junction,Louisville,KY,1440
241F,Aviation Meteorologist,Clarice,Fairweather,+1 509 308 0796,cfairweather6o@digg.com,913 Namekagon Pass,Spokane,WA,9257
242L,Passenger Service Agent,Corette,Laugheran,+1 702 614 6564,claugheran6p@ed.gov,8378 Di Loreto Way,Las Vegas,NV,9319
243M,Operations Agent,Nelle,MacHoste,+1 302 216 2873,nmachoste6q@a8.net,012 Roth Junction,Wilmington,DE,2254
244H,Aviation Attorney,Remy,Hatfield,+1 954 600 0217,rhatfield6r@mail.ru,3 Forest Run Place,Fort Lauderdale,FL,3818
245M,Operations Agent,Phedra,Monckman,+1 352 628 4039,pmonckman6s@people.com.cn,9 Crest Line Junction,Ocala,FL,3513
246M,Passenger Service Agent,Rasla,Mulqueeny,+1 314 397 8946,rmulqueeny6t@apple.com,554 Acker Road,Saint Louis,MO,7625
247C,Avionics Technician,Kendell,Casson,+1 217 142 3466,kcasson6u@bluehost.com,65 Gulseth Place,Springfield,IL,7453
248O,Airline Ticket Agent,Fania,O'Cridigan,+1 719 744 2502,focridigan6v@opensource.org,6838 2nd Parkway,Colorado Springs,CO,1912
249Z,Ground Attendant,Jervis,Zumbusch,+1 510 226 4711,jzumbusch6w@omniture.com,44 Dayton Crossing,Oakland,CA,2920
250M,Airline Station Agent,Orlando,Munnis,+1 314 833 7385,omunnis6x@xinhuanet.com,72405 Algoma Alley,Saint Louis,MO,6430
251D,Crew Schedule Coordinator,Ada,Dunnion,+1 501 265 2882,adunnion6y@gov.uk,47467 Fieldstone Road,Little Rock,AR,3994
252M,Aircraft Mechanic,Rachael,MacAlpin,+1 404 242 0558,rmacalpin6z@netlog.com,09209 Knutson Street,Lawrenceville,GA,9185
253B,Airline Administrative Support,Care,Bilborough,+1 517 572 0907,cbilborough70@com.com,1 Norway Maple Lane,Lansing,MI,3856
254C,Aircraft Mechanic,Valerie,Casino,+1 941 622 9524,vcasino71@answers.com,2807 Elka Street,North Port,FL,9569
255F,Operations Agent,Avictor,Figgen,+1 318 441 2239,afiggen72@chronoengine.com,297 Comanche Parkway,Shreveport,LA,6013
256S,Passenger Service Agent,Geralda,Shortt,+1 205 694 0486,gshortt73@sun.com,88785 Village Avenue,Birmingham,AL,6086
257C,Airline Flight Instructor,Ephrem,Casewell,+1 904 677 6683,ecasewell74@jalbum.net,0 Hudson Trail,Jacksonville,FL,4209
258P,Operations Agent,Leyla,Palley,+1 315 951 0224,lpalley75@fema.gov,92405 Ridgeway Park,Syracuse,NY,8533
259O,Aviation Meteorologist,Ainslee,O' Connell,+1 502 806 7942,aoconnell76@quantcast.com,479 Badeau Alley,Louisville,KY,8952
260W,Co Pilot,Abdul,Worvill,+1 850 841 0853,aworvill77@cnet.com,563 Main Alley,Pensacola,FL,5461
261S,Passenger Service Agent,Jeff,Severn,+1 212 462 6749,jsevern78@tamu.edu,51725 Cody Park,New York City,NY,2977
262P,Passenger Service Agent,Hewet,Proschek,+1 828 402 3787,hproschek79@bloglovin.com,55 Mcguire Trail,Asheville,NC,5769
263S,Co Pilot,Tiphanie,Slipper,+1 734 240 5621,tslipper7a@cam.ac.uk,38140 Packers Parkway,Ann Arbor,MI,5294
264G,Crew Schedule Coordinator,Dillie,Grelak,+1 989 262 8902,dgrelak7b@posterous.com,1726 Shoshone Drive,Midland,MI,6601
265L,Airport Ramp Agent,Mayer,Lanon,+1 210 290 4480,mlanon7c@samsung.com,866 Quincy Parkway,San Antonio,TX,4359
266K,Flight Attendant,Pandora,Kingdon,+1 917 442 0727,pkingdon7d@last.fm,4 Delladonna Crossing,Jamaica,NY,6834
267P,Flight Attendant,Vinny,Plail,+1 806 950 6303,vplail7e@lycos.com,82644 Melvin Plaza,Lubbock,TX,4028
268B,Airline Station Agent,Florette,Beckson,+1 814 529 9801,fbeckson7f@usa.gov,8 Tennessee Crossing,Erie,PA,9343
269C,Airline Flight Instructor,Onfre,Caurah,+1 203 422 6387,ocaurah7g@qq.com,6 Garrison Circle,Bridgeport,CT,1142
270G,Passenger Service Agent,Bernie,German,+1 202 159 6113,bgerman7h@japanpost.jp,10 Glacier Hill Circle,Washington,DC,6916
271B,Avionics Technician,Artemus,Brimham,+1 806 406 7876,abrimham7i@delicious.com,0 Hermina Drive,Amarillo,TX,3833
272O,Airline Station Agent,Gaby,O'Fogerty,+1 214 659 4773,gofogerty7j@csmonitor.com,63863 Mayfield Court,Dallas,TX,2421
273G,Airline Administrative Support,Andi,Gudger,+1 812 525 2320,agudger7k@lycos.com,65 Eastlawn Way,Evansville,IN,5332
274R,Ground Attendant,Ogdon,Rysom,+1 512 693 1373,orysom7l@zimbio.com,5479 Carberry Trail,Austin,TX,8211
275C,Avionics Technician,Wes,Cowen,+1 801 942 8203,wcowen7m@home.pl,16917 Holy Cross Road,Salt Lake City,UT,2628
276P,Crew Schedule Coordinator,Willamina,Pippin,+1 805 241 1298,wpippin7n@e-recht24.de,8152 Elgar Center,San Luis Obispo,CA,5914
277B,Aviation Meteorologist,Sile,Bissett,+1 806 496 8676,sbissett7o@clickbank.net,38855 Ridgeway Court,Amarillo,TX,9054
278V,Pilot,Andria,Venners,+1 503 777 5582,avenners7p@pcworld.com,5 Hollow Ridge Street,Portland,OR,5059
279O,Operations Agent,Ronnie,O'Scandall,+1 214 775 5740,roscandall7q@w3.org,18529 Goodland Pass,Garland,TX,7580
280C,Avionics Technician,Web,Coultas,+1 910 150 7886,wcoultas7r@sina.com.cn,336 Butternut Place,Greensboro,NC,8691
281J,Airline Station Agent,Marissa,Janjusevic,+1 859 975 6653,mjanjusevic7s@tinyurl.com,19 Bellgrove Plaza,Lexington,KY,2097
282G,Airline Station Agent,Clarance,Gorries,+1 801 396 6326,cgorries7t@tinyurl.com,382 Caliangt Crossing,Salt Lake City,UT,4814
283L,Flight Attendant,Avram,Lartice,+1 512 166 0135,alartice7u@abc.net.au,596 Bluestem Drive,Austin,TX,5113
284C,Co Pilot,Chelsea,Capelle,+1 804 894 6044,ccapelle7v@cbsnews.com,166 Killdeer Trail,Richmond,VA,7719
285M,Co Pilot,Tallia,Melchior,+1 208 874 3978,tmelchior7w@google.ru,24 Heffernan Park,Boise,ID,9148
286I,Aviation Meteorologist,Nicko,Ible,+1 601 886 1729,nible7x@google.co.jp,854 Brentwood Avenue,Jackson,MS,2990
287R,Ground Attendant,Meghan,Rudram,+1 727 735 1142,mrudram7y@com.com,60 Carpenter Pass,Saint Petersburg,FL,9116
288S,Crew Schedule Coordinator,Erin,Sanbroke,+1 303 226 1781,esanbroke7z@buzzfeed.com,60 Tennessee Alley,Denver,CO,3975
289S,Passenger Service Agent,Ronni,Stallon,+1 919 281 0115,rstallon80@newyorker.com,20 Redwing Place,Raleigh,NC,8134
290P,Aviation Attorney,Logan,Peasnone,+1 559 225 0938,lpeasnone81@census.gov,920 Sage Crossing,Fresno,CA,8082
291F,Airline Ticket Agent,Corie,Furnell,+1 312 531 6102,cfurnell82@ihg.com,80205 Utah Court,Chicago,IL,2915
292M,Avionics Technician,Vern,McFetridge,+1 510 367 1746,vmcfetridge83@tripod.com,24033 Marquette Junction,Oakland,CA,4775
293B,Airline Administrative Support,Honor,Blankett,+1 856 227 0375,hblankett84@typepad.com,17244 Parkside Way,Camden,NJ,9990
294P,Aircraft Mechanic,Eldridge,Pahler,+1 404 714 9321,epahler85@macromedia.com,0930 Bunting Hill,Atlanta,GA,5348
295L,Co Pilot,Griselda,Lurcock,+1 319 705 6320,glurcock86@wiley.com,607 Norway Maple Parkway,Waterloo,IA,5835
296C,Aircraft Mechanic,Walt,Culwen,+1 704 170 1562,wculwen87@wikipedia.org,46 Carpenter Court,Charlotte,NC,2732
297C,Flight Attendant,Melita,Crolla,+1 706 362 9960,mcrolla88@google.com,679 Fallview Trail,Augusta,GA,3925
298F,Pilot,Abigail,Ferryn,+1 413 394 5151,aferryn89@smugmug.com,95712 Forest Dale Way,Springfield,MA,9930
299G,Aircraft Mechanic,Immanuel,Grigson,+1 516 380 1928,igrigson8a@simplemachines.org,801 Ronald Regan Center,Great Neck,NY,4055
300H,Co Pilot,Kathy,Harcarse,+1 209 473 1889,kharcarse8b@google.pl,353 Blackbird Place,Fresno,CA,7530
301B,Operations Agent,Freddie,Bauduin,+1 615 273 8467,fbauduin8c@google.fr,2086 North Drive,Memphis,TN,1553
302G,Avionics Technician,Fidela,Gauch,+1 213 812 0454,fgauch8d@buzzfeed.com,49010 5th Lane,Los Angeles,CA,4342
303M,Passenger Service Agent,Nada,Mearing,+1 808 663 3056,nmearing8e@timesonline.co.uk,17278 Loomis Trail,Honolulu,HI,8784
304W,Ground Attendant,Grange,Wilshin,+1 443 722 7083,gwilshin8f@unesco.org,26970 Northridge Trail,Annapolis,MD,9250
305M,Pilot,Chloette,MacCauley,+1 678 708 8248,cmaccauley8g@google.pl,160 Homewood Parkway,Duluth,GA,3648
306A,Flight Attendant,Jillane,Arnopp,+1 816 242 6030,jarnopp8h@sitemeter.com,1282 Chive Parkway,Kansas City,MO,6900
307H,Passenger Service Agent,Lavina,Houlston,+1 386 479 4389,lhoulston8i@statcounter.com,1428 Maywood Center,Daytona Beach,FL,1701
308S,Co Pilot,Malynda,Starbucke,+1 801 136 4069,mstarbucke8j@vinaora.com,50035 Thompson Plaza,Salt Lake City,UT,3741
309K,Avionics Technician,Verina,Kenlin,+1 936 522 7870,vkenlin8k@wisc.edu,0335 Red Cloud Plaza,Beaumont,TX,6031
310C,Operations Agent,Charlot,Castel,+1 864 568 8724,ccastel8l@addthis.com,1983 Porter Trail,Anderson,SC,2544
311S,Airline Administrative Support,Giusto,Snipe,+1 714 326 0309,gsnipe8m@whitehouse.gov,6 Cascade Circle,Brea,CA,9596
312F,Aviation Meteorologist,Micah,Flatt,+1 516 896 9967,mflatt8n@addtoany.com,11608 Farmco Way,Hicksville,NY,3092
313D,Ground Attendant,Leroi,Diddams,+1 205 255 8327,ldiddams8o@zimbio.com,0960 Schiller Hill,Birmingham,AL,7622
314L,Aviation Meteorologist,Stephi,Lillegard,+1 901 601 9027,slillegard8p@mashable.com,19 Brentwood Center,Memphis,TN,7719
315L,Flight Attendant,Margaret,Lawler,+1 402 708 5868,mlawler8q@facebook.com,188 Farragut Plaza,Omaha,NE,1655
316P,Crew Schedule Coordinator,Terence,Pfaff,+1 234 386 5772,tpfaff8r@bing.com,21 Marquette Drive,Akron,OH,7827
317W,Airline Flight Instructor,Franklyn,Worsom,+1 917 137 6458,fworsom8s@oaic.gov.au,836 Ohio Trail,Bronx,NY,8367
318S,Airline Station Agent,Shawna,Sidey,+1 860 687 0337,ssidey8t@wiley.com,11957 Monica Court,Hartford,CT,2272
319F,Airline Station Agent,Addi,Forton,+1 719 884 0690,aforton8u@com.com,114 Petterle Alley,Colorado Springs,CO,7247
320K,Airline Ticket Agent,Ryun,Kitching,+1 323 715 9096,rkitching8v@g.co,3825 Di Loreto Plaza,Los Angeles,CA,8826
321M,Airline Ticket Agent,Sydelle,Mikalski,+1 208 382 1716,smikalski8w@upenn.edu,44 Old Shore Lane,Pocatello,ID,4748
322B,Airline Ticket Agent,Stephie,Biddiss,+1 813 769 5809,sbiddiss8x@nih.gov,7 Columbus Center,Tampa,FL,9444
323D,Operations Agent,Darryl,Duinkerk,+1 202 326 7886,dduinkerk8y@utexas.edu,24298 Grover Lane,Washington,DC,9721
324F,Avionics Technician,Raimondo,Fley,+1 202 659 5011,rfley8z@google.fr,411 Buhler Avenue,Washington,DC,1019
325A,Aircraft Mechanic,Arlina,Astin,+1 509 891 7710,aastin90@infoseek.co.jp,88230 Westend Point,Spokane,WA,7021
326M,Aircraft Mechanic,Filberto,Mawer,+1 509 446 8311,fmawer91@cmu.edu,0 Buhler Street,Spokane,WA,4741
327M,Airline Ticket Agent,Agnella,McComas,+1 512 121 3790,amccomas92@dmoz.org,47263 Stang Terrace,Austin,TX,4888
328G,Airport Ramp Agent,Seumas,Gong,+1 215 981 5133,sgong93@rakuten.co.jp,344 Paget Alley,Philadelphia,PA,6385
329B,Airline Flight Instructor,Lita,Bradick,+1 626 868 2835,lbradick94@angelfire.com,1 Main Street,Pasadena,CA,2888
330S,Flight Attendant,Duffy,Sallis,+1 406 510 4384,dsallis95@cam.ac.uk,2 Mandrake Park,Billings,MT,4126
331E,Airline Administrative Support,Shurlock,Edmund,+1 408 863 0656,sedmund96@buzzfeed.com,655 Mosinee Place,San Jose,CA,4767
332M,Operations Agent,Griff,McWhorter,+1 919 391 1477,gmcwhorter97@unicef.org,961 Debs Road,Raleigh,NC,6734
333W,Crew Schedule Coordinator,Fremont,Wilkins,+1 786 360 4989,fwilkins98@booking.com,96 Weeping Birch Hill,Miami,FL,1230
334R,Avionics Technician,Philis,Ryal,+1 253 792 3278,pryal99@surveymonkey.com,77350 Schurz Avenue,Tacoma,WA,7995
335M,Crew Schedule Coordinator,Jaynell,Michelet,+1 626 316 8300,jmichelet9a@ask.com,9 Buhler Plaza,Burbank,CA,4652
336K,Crew Schedule Coordinator,Adolpho,Kenington,+1 858 423 8543,akenington9b@foxnews.com,6 Waxwing Junction,Orange,CA,7443
337O,Co Pilot,Ara,Otson,+1 814 118 6505,aotson9c@goo.gl,0 Saint Paul Court,Erie,PA,7852
338M,Aviation Attorney,Ken,Meller,+1 713 952 1864,kmeller9d@meetup.com,91344 Heffernan Place,Houston,TX,1111
339B,Crew Schedule Coordinator,Nancey,Booty,+1 212 575 1626,nbooty9e@comsenz.com,1 Oxford Junction,New York City,NY,9022
340R,Airline Ticket Agent,Lanita,Robilart,+1 323 591 9047,lrobilart9f@amazon.co.uk,615 Schmedeman Hill,Los Angeles,CA,7866
341G,Aircraft Mechanic,Kelwin,Gurrado,+1 803 321 6485,kgurrado9g@webnode.com,9 Armistice Lane,Aiken,SC,8720
342M,Avionics Technician,Ekaterina,Mixer,+1 650 122 7835,emixer9h@sakura.ne.jp,78709 Vera Place,Mountain View,CA,4477
343M,Airline Flight Instructor,Kitty,McKinstry,+1 615 777 3079,kmckinstry9i@behance.net,4 Sullivan Court,Nashville,TN,9615
344W,Airline Administrative Support,Corby,Whaymand,+1 510 389 7881,cwhaymand9j@weather.com,035 Parkside Crossing,Berkeley,CA,4332
345S,Operations Agent,Foss,Small,+1 402 265 2217,fsmall9k@rambler.ru,96474 Shopko Center,Omaha,NE,4234
346B,Aviation Meteorologist,Krisha,Brandli,+1 702 795 0575,kbrandli9l@ovh.net,0 Scott Parkway,Las Vegas,NV,2895
347O,Aviation Attorney,Chiquita,O'Cannavan,+1 410 488 9812,cocannavan9m@bluehost.com,650 Reinke Hill,Ridgely,MD,7717
348D,Aviation Meteorologist,Fara,Doone,+1 318 687 9071,fdoone9n@baidu.com,27360 Wayridge Hill,Shreveport,LA,8491
349E,Operations Agent,Christel,Epple,+1 734 939 4308,cepple9o@mit.edu,4 Orin Hill,Southfield,MI,5977
350C,Aviation Attorney,Cathyleen,Camili,+1 818 121 2214,ccamili9p@census.gov,9 Spaight Lane,Glendale,CA,1455
351T,Aviation Meteorologist,Farley,Tookill,+1 601 765 2908,ftookill9q@istockphoto.com,4446 Mendota Hill,Jackson,MS,5042
352S,Aircraft Mechanic,Brittney,Sircomb,+1 818 317 0685,bsircomb9r@illinois.edu,732 Hansons Pass,Pasadena,CA,2971
353H,Airline Flight Instructor,Ike,Houselee,+1 321 858 3045,ihouselee9s@chronoengine.com,02271 Prairieview Terrace,Orlando,FL,7343
354B,Operations Agent,Maynard,Barge,+1 859 241 6643,mbarge9t@ox.ac.uk,041 Johnson Alley,Lexington,KY,7701
355S,Pilot,Stacy,Spurden,+1 734 115 2052,sspurden9u@shareasale.com,45 Mitchell Way,Ann Arbor,MI,3652
356W,Airline Ticket Agent,Travus,Weadick,+1 713 837 2074,tweadick9v@netvibes.com,73092 Dexter Terrace,Spring,TX,8084
357J,Airport Ramp Agent,Reagan,Jeary,+1 701 470 8330,rjeary9w@dailymail.co.uk,54 Sugar Pass,Bismarck,ND,4015
358C,Passenger Service Agent,Katee,Coie,+1 405 658 0067,kcoie9x@livejournal.com,8482 Randy Street,Oklahoma City,OK,6059
359A,Pilot,Pearle,Antoshin,+1 682 437 1257,pantoshin9y@vkontakte.ru,6329 Riverside Alley,Fort Worth,TX,3832
360N,Aviation Attorney,Rosaline,Neligan,+1 713 556 0948,rneligan9z@thetimes.co.uk,5911 Mosinee Lane,Houston,TX,7804
361P,Airline Station Agent,Letisha,Patters,+1 914 213 1441,lpattersa0@google.cn,32 7th Court,Bronx,NY,4855
362F,Airline Flight Instructor,Ivett,Feldman,+1 757 482 2345,ifeldmana1@princeton.edu,705 Briar Crest Court,Portsmouth,VA,2431
363M,Aviation Attorney,Miquela,Metheringham,+1 336 533 4097,mmetheringhama2@mac.com,53 Emmet Court,Greensboro,NC,1689
364J,Aircraft Mechanic,Jacinthe,Josselson,+1 601 581 1425,jjosselsona3@mac.com,8 Drewry Avenue,Jackson,MS,5763
365T,Aviation Meteorologist,Corrie,Turnbull,+1 816 700 0704,cturnbulla4@cdbaby.com,77242 Randy Plaza,Kansas City,MO,6357
366G,Airline Administrative Support,Audie,Ganter,+1 702 573 3298,agantera5@amazon.com,4 Luster Street,Las Vegas,NV,9099
367S,Pilot,Ruprecht,Spowart,+1 757 377 0400,rspowarta6@eventbrite.com,06 Village Plaza,Norfolk,VA,3043
368O,Aviation Attorney,Adams,O'Sharkey,+1 469 615 5606,aosharkeya7@cnn.com,54 Superior Plaza,Dallas,TX,8193
369B,Aviation Attorney,Tuesday,Bascomb,+1 212 779 1547,tbascomba8@zimbio.com,689 Pennsylvania Alley,New York City,NY,7893
370J,Aircraft Mechanic,Jean,Josebury,+1 706 699 1453,jjoseburya9@gnu.org,511 Weeping Birch Court,Augusta,GA,5900
371O,Airport Ramp Agent,Van,Oblein,+1 212 419 0438,vobleinaa@google.com.br,31 Roxbury Street,New York City,NY,7538
372H,Airline Ticket Agent,Annelise,Hellicar,+1 512 733 8948,ahellicarab@globo.com,6273 Arkansas Drive,Austin,TX,9933
373T,Ground Attendant,Brana,Thirst,+1 540 318 7693,bthirstac@google.com.br,2 Magdeline Pass,Fredericksburg,VA,2263
374D,Aircraft Mechanic,Genovera,Dagon,+1 415 884 5739,gdagonad@deviantart.com,637 Morning Park,San Francisco,CA,9590
375W,Aviation Attorney,Coretta,Woolvin,+1 509 190 5198,cwoolvinae@sciencedirect.com,83 Milwaukee Center,Spokane,WA,8062
376H,Co Pilot,Stanislaw,Harrema,+1 915 908 7633,sharremaaf@spiegel.de,2 Valley Edge Center,El Paso,TX,2595
377C,Airline Ticket Agent,Wynne,Congram,+1 860 510 5321,wcongramag@nbcnews.com,6224 Hintze Park,Hartford,CT,7453
378P,Co Pilot,Lorena,Poulsen,+1 951 452 1510,lpoulsenah@va.gov,2 Mosinee Crossing,Corona,CA,9974
379M,Airline Ticket Agent,Maurice,Martins,+1 313 623 7286,mmartinsai@booking.com,669 Ridgeway Court,Detroit,MI,2114
380L,Operations Agent,Orville,Lamburne,+1 917 997 6514,olamburneaj@e-recht24.de,62146 Drewry Lane,New York City,NY,1869
381B,Ground Attendant,Meier,Ballach,+1 941 658 8104,mballachak@blogspot.com,73444 Schmedeman Place,Bradenton,FL,8852
382T,Airline Station Agent,Jaimie,Tembridge,+1 989 679 2420,jtembridgeal@mashable.com,53637 Loomis Trail,Saginaw,MI,8130
383A,Airport Ramp Agent,Ilise,Allden,+1 202 749 5394,ialldenam@mediafire.com,4913 Manitowish Plaza,Washington,DC,2807
384H,Flight Attendant,Say,Huffer,+1 937 164 8051,shufferan@desdev.cn,121 Lawn Terrace,Dayton,OH,2439
385L,Airline Ticket Agent,Dur,Luciano,+1 713 606 4398,dlucianoao@shinystat.com,1 Utah Parkway,Houston,TX,5271
386K,Flight Attendant,Karel,Kettlestring,+1 501 784 8322,kkettlestringap@mozilla.com,4 Fulton Center,North Little Rock,AR,2162
387T,Avionics Technician,Giovanni,Tollfree,+1 501 837 6370,gtollfreeaq@dailymotion.com,2 Arkansas Park,Little Rock,AR,8618
388E,Pilot,Daisi,Enoksson,+1 702 649 3219,denokssonar@dot.gov,78391 New Castle Avenue,Las Vegas,NV,4231
389N,Aviation Meteorologist,Lemmy,Narup,+1 570 982 6516,lnarupas@slideshare.net,8 Crescent Oaks Road,Wilkes Barre,PA,8128
390B,Crew Schedule Coordinator,Guilbert,Baignard,+1 310 524 6864,gbaignardat@soup.io,088 Maple Wood Drive,Santa Monica,CA,6052
391G,Airline Station Agent,Clemence,Gut,+1 619 466 7596,cgutau@nymag.com,89 Dawn Drive,San Diego,CA,1342
392L,Airline Flight Instructor,Milton,Langtree,+1 719 544 6054,mlangtreeav@goodreads.com,83 Walton Hill,Colorado Springs,CO,5712
393P,Aviation Meteorologist,Russ,Pues,+1 209 899 6309,rpuesaw@amazon.co.jp,1117 Marcy Pass,Stockton,CA,2735
394C,Ground Attendant,Bobinette,Caughte,+1 859 606 8034,bcaughteax@over-blog.com,17223 Messerschmidt Alley,Lexington,KY,5318
395N,Flight Attendant,Minta,Newson,+1 805 758 2482,mnewsonay@pinterest.com,28 Messerschmidt Avenue,Simi Valley,CA,3600
396B,Ground Attendant,Shirline,Baudain,+1 509 408 5684,sbaudainaz@dropbox.com,3 Elmside Pass,Spokane,WA,3782
397D,Aviation Meteorologist,Ludvig,Dinsey,+1 504 522 5320,ldinseyb0@aboutads.info,68 Southridge Place,New Orleans,LA,1984
398H,Aircraft Mechanic,Gabbi,Hazel,+1 937 920 7945,ghazelb1@nba.com,0316 Utah Street,Dayton,OH,7509
399P,Aviation Meteorologist,Bartholomew,Pover,+1 859 435 8635,bpoverb2@youtube.com,793 Di Loreto Lane,Lexington,KY,9516
400G,Ground Attendant,Odelle,Grioli,+1 423 244 1330,ogriolib3@phpbb.com,3835 Browning Point,Chattanooga,TN,8297
401J,Airport Ramp Agent,Kristen,Jurgensen,+1 843 935 4216,kjurgensenb4@guardian.co.uk,58 Eagle Crest Court,Florence,SC,9666
402M,Airline Station Agent,Karin,Manns,+1 713 606 3364,kmannsb5@twitter.com,324 Gale Circle,Houston,TX,3716
403O,Airline Administrative Support,Bethanne,O'Gready,+1 304 162 2869,bogreadyb6@goodreads.com,6 Basil Point,Huntington,WV,9134
404T,Airline Administrative Support,Andriette,Tunbridge,+1 805 856 3292,atunbridgeb7@amazon.com,04959 Namekagon Parkway,San Luis Obispo,CA,5798
405J,Ground Attendant,Veriee,Jamrowicz,+1 209 723 6194,vjamrowiczb8@cbslocal.com,3001 Northport Place,Stockton,CA,3949
406M,Airport Ramp Agent,Bendix,Meaney,+1 713 404 8623,bmeaneyb9@irs.gov,253 Surrey Junction,Humble,TX,6830
407S,Airline Ticket Agent,Brendon,Sommerly,+1 210 449 0770,bsommerlyba@arizona.edu,2 Maywood Park,San Antonio,TX,2323
408D,Airline Flight Instructor,Jerry,Dyball,+1 209 441 0284,jdyballbb@parallels.com,41681 Algoma Place,Fresno,CA,2330
409L,Aviation Attorney,Johnnie,Loft,+1 713 394 2161,jloftbc@nytimes.com,4464 Rutledge Circle,Houston,TX,1622
410H,Aviation Attorney,Ricoriki,Holsey,+1 561 476 4000,rholseybd@ox.ac.uk,847 Lawn Drive,West Palm Beach,FL,5430
411L,Flight Attendant,Damien,Loftus,+1 904 786 1158,dloftusbe@tmall.com,8 South Parkway,Jacksonville,FL,8629
412F,Airline Station Agent,Linzy,Frenzl,+1 239 393 2367,lfrenzlbf@examiner.com,88215 Cascade Terrace,Fort Myers,FL,6715
413B,Airline Station Agent,Pennie,Burgiss,+1 212 946 0927,pburgissbg@blogspot.com,7 New Castle Crossing,Brooklyn,NY,6794
414R,Airline Flight Instructor,Katlin,Ricci,+1 260 269 8948,kriccibh@merriam-webster.com,377 Grim Terrace,Fort Wayne,IN,5143
415T,Operations Agent,Duncan,Trassler,+1 832 590 7188,dtrasslerbi@ezinearticles.com,124 Rusk Place,Houston,TX,4269
416T,Airline Station Agent,Federica,Todd,+1 313 921 9417,ftoddbj@lulu.com,8481 Walton Way,Detroit,MI,4130
417B,Airline Administrative Support,Darnell,Beccera,+1 678 670 5760,dbeccerabk@msn.com,651 Cambridge Avenue,Lawrenceville,GA,8576
418M,Pilot,Cacilia,Mettericke,+1 763 511 3280,cmetterickebl@huffingtonpost.com,1502 Ruskin Crossing,Maple Plain,MN,1239
419I,Aviation Attorney,Sherm,Ivankovic,+1 318 291 3305,sivankovicbm@csmonitor.com,67692 Goodland Way,Shreveport,LA,9198
420S,Passenger Service Agent,Forrester,Santus,+1 361 155 3959,fsantusbn@imgur.com,65 Tennessee Street,Corpus Christi,TX,4022
421P,Airline Station Agent,Lucienne,Pinks,+1 608 689 2853,lpinksbo@discuz.net,53909 Center Way,Madison,WI,7126
422L,Airline Administrative Support,Ranee,Lackney,+1 484 783 1870,rlackneybp@51.la,453 Eastlawn Hill,Valley Forge,PA,6779
423D,Flight Attendant,Aubine,Duffield,+1 602 237 9711,aduffieldbq@discuz.net,13 Thackeray Hill,Phoenix,AZ,4792
424W,Airline Flight Instructor,Risa,Wrack,+1 501 993 6728,rwrackbr@blogtalkradio.com,65865 Ruskin Place,Little Rock,AR,1813
425L,Co Pilot,Lu,Lynett,+1 256 792 2272,llynettbs@behance.net,920 Lighthouse Bay Lane,Gadsden,AL,5727
426D,Aviation Attorney,Marcelle,Durno,+1 540 718 1024,mdurnobt@ycombinator.com,46612 Barby Way,Roanoke,VA,1653
427L,Airline Flight Instructor,Aeriell,Laurisch,+1 904 694 1860,alaurischbu@yolasite.com,95872 Leroy Junction,Jacksonville,FL,8558
428C,Flight Attendant,Carla,Calkin,+1 808 303 1896,ccalkinbv@sitemeter.com,31393 Lukken Parkway,Honolulu,HI,5208
429C,Airline Ticket Agent,Clementius,Chew,+1 989 993 2742,cchewbw@chron.com,5185 Holy Cross Park,Saginaw,MI,6529
430P,Aviation Meteorologist,Keary,Pock,+1 409 918 5507,kpockbx@buzzfeed.com,6 Ohio Hill,Beaumont,TX,7635
431S,Airline Administrative Support,Jacquenette,Sarge,+1 260 573 9488,jsargeby@spotify.com,3 Menomonie Avenue,Fort Wayne,IN,2585
432M,Ground Attendant,Lonni,MacAnelley,+1 919 823 1840,lmacanelleybz@booking.com,507 Farmco Avenue,Raleigh,NC,4690
433R,Flight Attendant,Paquito,Roggero,+1 605 364 0880,proggeroc0@facebook.com,8 Vernon Parkway,Sioux Falls,SD,1033
434C,Passenger Service Agent,Simeon,Cheson,+1 734 923 2639,schesonc1@eepurl.com,39670 North Alley,Detroit,MI,2658
435Z,Pilot,Sindee,Zelner,+1 757 116 1627,szelnerc2@com.com,934 Browning Junction,Herndon,VA,8893
436D,Airline Flight Instructor,Jany,D'eath,+1 812 391 7617,jdeathc3@histats.com,555 Ronald Regan Way,Evansville,IN,2748
437K,Operations Agent,Georgena,Kennelly,+1 720 192 5643,gkennellyc4@theguardian.com,3755 Packers Hill,Denver,CO,9467
438M,Flight Attendant,Arni,Maevela,+1 317 690 6131,amaevelac5@bloglines.com,7 Judy Court,Indianapolis,IN,1076
439M,Operations Agent,Xylina,MacKey,+1 757 405 6767,xmackeyc6@i2i.jp,5 Eastlawn Trail,Norfolk,VA,5219
440G,Co Pilot,Harley,Grigson,+1 305 810 1823,hgrigsonc7@smh.com.au,4 Longview Road,Miami,FL,7035
441B,Aircraft Mechanic,Karia,Bugge,+1 214 955 2437,kbuggec8@addtoany.com,2308 Badeau Crossing,Denton,TX,9933
442V,Operations Agent,Dick,Villaret,+1 410 270 6775,dvillaretc9@pagesperso-orange.fr,35283 Ramsey Road,Baltimore,MD,9102
443L,Pilot,Timmy,Lowin,+1 717 698 4455,tlowinca@tamu.edu,850 Boyd Trail,York,PA,8311
444P,Airline Station Agent,Ira,Piscopiello,+1 339 683 9854,ipiscopiellocb@illinois.edu,2614 Oak Valley Lane,Woburn,MA,5565
445D,Flight Attendant,Yasmeen,Durant,+1 219 841 7223,ydurantcc@cdbaby.com,4963 Veith Terrace,Gary,IN,7705
446B,Airline Flight Instructor,Carlotta,Biesterfeld,+1 716 342 8448,cbiesterfeldcd@symantec.com,87 Sunfield Avenue,Buffalo,NY,2091
447B,Operations Agent,Bone,Burrus,+1 219 197 2915,bburrusce@cdc.gov,159 Division Way,Gary,IN,1829
448A,Avionics Technician,Pierre,Amorine,+1 361 690 3078,pamorinecf@nature.com,91 Fallview Junction,Corpus Christi,TX,7811
449B,Pilot,Etheline,Bairnsfather,+1 401 176 8628,ebairnsfathercg@telegraph.co.uk,79 Melody Hill,Providence,RI,8054
450E,Airline Administrative Support,Raphaela,Ellis,+1 813 359 7644,rellisch@patch.com,94 Sachs Crossing,Tampa,FL,9173
451T,Airline Station Agent,Christos,Thaxton,+1 716 836 5912,cthaxtonci@ox.ac.uk,70224 Weeping Birch Place,Buffalo,NY,6660
452P,Operations Agent,Jarvis,Palley,+1 407 490 8109,jpalleycj@pagesperso-orange.fr,3462 Westridge Avenue,Orlando,FL,4743
453T,Crew Schedule Coordinator,Hilliary,Tookey,+1 347 324 4411,htookeyck@reverbnation.com,1 Merchant Pass,New York City,NY,4121
454B,Co Pilot,Marti,Babon,+1 405 667 9654,mbaboncl@un.org,5 Lakewood Gardens Junction,Oklahoma City,OK,7220
455S,Crew Schedule Coordinator,Doyle,Synan,+1 704 187 9732,dsynancm@si.edu,8800 Hauk Crossing,Charlotte,NC,8837
456R,Airline Administrative Support,Marlie,Reichardt,+1 808 121 0683,mreichardtcn@quantcast.com,6 Vidon Junction,Honolulu,HI,9083
457G,Airline Administrative Support,Irina,Goldthorpe,+1 910 111 7937,igoldthorpeco@marriott.com,31 Moland Plaza,Greensboro,NC,8848
458B,Airline Station Agent,Tabbitha,Barrass,+1 704 679 5857,tbarrasscp@census.gov,0994 Valley Edge Alley,Charlotte,NC,7800
459R,Pilot,Al,Royson,+1 540 632 3493,aroysoncq@reuters.com,09507 Comanche Crossing,Roanoke,VA,7438
460K,Aviation Meteorologist,Allyn,Kippie,+1 814 426 6288,akippiecr@nhs.uk,7706 Nova Hill,Johnstown,PA,8122
461J,Airline Station Agent,Leanor,Jerger,+1 407 498 1362,ljergercs@google.co.jp,74827 Fordem Terrace,Kissimmee,FL,2642
462K,Airport Ramp Agent,Aila,Keyzor,+1 716 449 7457,akeyzorct@goodreads.com,540 Roxbury Pass,Buffalo,NY,3246
463M,Airline Flight Instructor,Clara,Martelet,+1 513 791 6873,cmarteletcu@shutterfly.com,09 Gina Park,Cincinnati,OH,8682
464B,Airline Administrative Support,Wolfgang,Brazener,+1 469 604 6156,wbrazenercv@domainmarket.com,65 Monterey Pass,Dallas,TX,5033
465W,Airline Ticket Agent,Caryl,Wastie,+1 714 665 6572,cwastiecw@nbcnews.com,08235 Badeau Avenue,Los Angeles,CA,7099
466L,Operations Agent,Myrle,Lishman,+1 504 140 4074,mlishmancx@github.com,0722 Rigney Terrace,New Orleans,LA,3247
467T,Airline Ticket Agent,Vito,Tadman,+1 702 479 0275,vtadmancy@yale.edu,7 Raven Parkway,Las Vegas,NV,7427
468W,Airport Ramp Agent,Julio,Woolpert,+1 210 599 7506,jwoolpertcz@epa.gov,12826 Marcy Way,San Antonio,TX,1252
469G,Aviation Attorney,Lanette,Girodon,+1 260 543 4940,lgirodond0@hc360.com,0887 Corscot Avenue,Fort Wayne,IN,9312
470B,Airline Flight Instructor,Bamby,Bedham,+1 707 830 2330,bbedhamd1@cnet.com,53903 Norway Maple Street,Santa Rosa,CA,3196
471W,Avionics Technician,Rea,Woodrooffe,+1 314 134 7142,rwoodrooffed2@t.co,17 Aberg Street,Saint Louis,MO,1155
472S,Crew Schedule Coordinator,Leonidas,Sextie,+1 813 863 5298,lsextied3@blinklist.com,112 Mifflin Crossing,Tampa,FL,4728
473T,Airline Station Agent,Blane,Titlow,+1 706 722 6178,btitlowd4@fda.gov,48350 Valley Edge Terrace,Athens,GA,7197
474B,Ground Attendant,Allie,Brando,+1 801 903 2825,abrandod5@barnesandnoble.com,8000 Doe Crossing Drive,Salt Lake City,UT,6861
475M,Airline Ticket Agent,Justus,Mattek,+1 646 709 7672,jmattekd6@youtube.com,87 Schiller Terrace,New York City,NY,6602
476M,Ground Attendant,Maurine,Moylan,+1 713 791 6009,mmoyland7@nba.com,4 Village Junction,Houston,TX,2724
477H,Aviation Attorney,Torey,Haines,+1 281 609 2659,thainesd8@vk.com,0177 Fuller Avenue,Houston,TX,9371
478A,Airport Ramp Agent,Emalee,Agnew,+1 602 133 9773,eagnewd9@purevolume.com,53120 Kings Parkway,Glendale,AZ,6035
479P,Aviation Attorney,Archer,Parzis,+1 256 820 9175,aparzisda@cargocollective.com,51740 Washington Road,Gadsden,AL,3899
480G,Airline Station Agent,Christoforo,Gromley,+1 419 364 5469,cgromleydb@dedecms.com,5 Fulton Hill,Toledo,OH,8785
481E,Ground Attendant,Davy,Edinborough,+1 229 623 4233,dedinboroughdc@wsj.com,76912 Myrtle Parkway,Albany,GA,4638
482L,Ground Attendant,Eugenius,Langtry,+1 256 148 8960,elangtrydd@si.edu,456 Kinsman Place,Huntsville,AL,9967
483B,Aircraft Mechanic,Robinet,Bunny,+1 704 993 0816,rbunnyde@oaic.gov.au,10284 Ramsey Court,Charlotte,NC,7063
484H,Airline Flight Instructor,Allyson,Heed,+1 757 686 9313,aheeddf@nymag.com,62 Hagan Point,Virginia Beach,VA,6319
485L,Ground Attendant,Annalee,Lidgely,+1 304 116 8327,alidgelydg@t.co,57 Meadow Vale Crossing,Huntington,WV,9701
486D,Flight Attendant,Craig,Deas,+1 360 247 8891,cdeasdh@squidoo.com,24271 Sherman Street,Olympia,WA,1055
487W,Airline Ticket Agent,Nixie,Wyllcocks,+1 830 498 8746,nwyllcocksdi@friendfeed.com,3 Troy Junction,San Antonio,TX,1037
488F,Passenger Service Agent,Aristotle,Fayers,+1 408 446 9966,afayersdj@discovery.com,33205 Darwin Trail,San Jose,CA,5182
489F,Pilot,Kym,Fairfoot,+1 317 681 9304,kfairfootdk@latimes.com,46 Fuller Alley,Indianapolis,IN,2556
490L,Crew Schedule Coordinator,Engelbert,Lean,+1 806 299 3243,eleandl@google.com.hk,44 Mesta Parkway,Amarillo,TX,2022
491L,Operations Agent,Lesly,Lamberti,+1 813 483 8050,llambertidm@senate.gov,1 Messerschmidt Avenue,Tampa,FL,2543
492E,Pilot,Ilyse,Emmitt,+1 843 883 8692,iemmittdn@ucsd.edu,54361 Hayes Way,Charleston,SC,5348
493S,Passenger Service Agent,Maryanna,Sansam,+1 713 815 4780,msansamdo@tumblr.com,54879 Delaware Lane,Houston,TX,7701
494W,Passenger Service Agent,Diann,Westoff,+1 208 956 0100,dwestoffdp@admin.ch,92 Waxwing Place,Boise,ID,6675
495Z,Passenger Service Agent,Reynold,Zannuto,+1 763 122 7089,rzannutodq@admin.ch,3 Beilfuss Point,Monticello,MN,7483
496S,Airline Ticket Agent,Eward,Scarman,+1 586 219 5867,escarmandr@sphinn.com,24 Bay Alley,Detroit,MI,6334
497L,Aircraft Mechanic,Leoline,Lejeune,+1 571 401 8815,llejeuneds@census.gov,80 Saint Paul Point,Fairfax,VA,1108
498M,Ground Attendant,Rick,Mallard,+1 512 568 7520,rmallarddt@imgur.com,5 Dovetail Plaza,Austin,TX,6205
499T,Co Pilot,Nial,Treagus,+1 757 497 9962,ntreagusdu@cbc.ca,745 Autumn Leaf Park,Virginia Beach,VA,8290
500D,Crew Schedule Coordinator,Pepita,Defraine,+1 402 843 7083,pdefrainedv@t-online.de,088 Calypso Parkway,Omaha,NE,9088
